building_id,scene_id,uid,source_split,label_name,label_id,pre_image,post_image,pre_json,post_json,pre_image_width,pre_image_height,post_image_width,post_image_height,same_image_dimensions,centroid_shift_px,post_to_pre_area_ratio,disaster,disaster_type,pre_capture_date,post_capture_date,pre_catalog_id,post_catalog_id,pre_sensor,post_sensor,pre_gsd,post_gsd,pre_off_nadir_angle,post_off_nadir_angle,pre_wkt,pre_geom_type,pre_geometry_repaired,pre_area_px2,pre_minx,pre_miny,pre_maxx,pre_maxy,pre_bbox_width_px,pre_bbox_height_px,pre_centroid_x,pre_centroid_y,pre_visible_fraction,pre_touches_or_crosses_border,post_wkt,post_geom_type,post_geometry_repaired,post_area_px2,post_minx,post_miny,post_maxx,post_maxy,post_bbox_width_px,post_bbox_height_px,post_centroid_x,post_centroid_y,post_visible_fraction,post_touches_or_crosses_border,source_subset
guatemala-volcano_00000000__139cf2c8-ad52-4739-82b5-bb646b215e76,guatemala-volcano_00000000,139cf2c8-ad52-4739-82b5-bb646b215e76,challenge_train,no-damage,0,images/guatemala-volcano_00000000_pre_disaster.png,images/guatemala-volcano_00000000_post_disaster.png,labels/guatemala-volcano_00000000_pre_disaster.json,labels/guatemala-volcano_00000000_post_disaster.json,1024,1024,1024,1024,True,1.812688503580304e-06,0.9999999999373992,guatemala-volcano,volcano,2018-02-05T17:10:18.000Z,2018-06-22T16:55:40.000Z,10400100377A9B00,104001003E575F00,WORLDVIEW03_VNIR,WORLDVIEW03_VNIR,1.3459189,1.4085245,17.933279,21.97336,"POLYGON ((810.6063105745833 743.0540226914463, 809.2415595562098 735.1384667848803, 836.3546131212291 731.7720809395591, 846.180820453518 772.8055948919877, 834.1710114918316 774.9891965213851, 831.4415094550847 766.9826572135942, 794.6842153602263 773.0785450956623, 793.8653647492023 763.1613543621486, 828.9849576220124 759.1580847082531, 826.7103725913901 740.688454259599, 824.7087377644423 741.3253380681733, 824.6177543632174 743.0540226914463, 820.2505511044224 743.6909065000207, 819.7046506970729 742.508122284097, 810.6063105745833 743.0540226914463))",Polygon,False,997.3971697117112,793.8653647492023,731.7720809395591,846.180820453518,774.9891965213851,52.315455704315696,43.217115581825965,825.0604871891201,755.5210195693498,0.9999999999999998,False,"POLYGON ((810.6063087761681 743.0540229226118, 809.2415577592562 735.1384670145518, 836.3546113250679 731.7720811707778, 846.1808186532426 772.8055951221552, 834.1710096970594 774.9891967511136, 831.4415076554028 766.982657443192, 794.6842135649372 773.0785453250629, 793.8653629500429 763.16135459204, 828.9849558247239 759.158084939266, 826.7103707925814 740.6884544906072, 824.7087359669069 741.3253382986578, 824.617752566808 743.0540229221372, 820.2505493091294 743.6909067292383, 819.7046488990417 742.5081225153722, 810.6063087761681 743.0540229226118))",Polygon,False,997.3971696492732,793.8653629500429,731.7720811707778,846.1808186532426,774.9891967511136,52.31545570319963,43.21711558033576,825.060485390974,755.5210197985012,1.0,False,train
guatemala-volcano_00000001__44c46607-b263-4936-a025-aa02ab36cb8d,guatemala-volcano_00000001,44c46607-b263-4936-a025-aa02ab36cb8d,challenge_train,minor-damage,1,images/guatemala-volcano_00000001_pre_disaster.png,images/guatemala-volcano_00000001_post_disaster.png,labels/guatemala-volcano_00000001_pre_disaster.json,labels/guatemala-volcano_00000001_post_disaster.json,1024,1024,1024,1024,True,1.8031554034065208e-06,0.999999999992586,guatemala-volcano,volcano,2018-02-05T17:10:18.000Z,2018-06-22T16:55:40.000Z,10400100377A9B00,104001003E575F00,WORLDVIEW03_VNIR,WORLDVIEW03_VNIR,1.3459189,1.4085245,17.933279,21.97336,"POLYGON ((373.3412192832457 882.0734748098909, 383.5598177812108 878.3576208106308, 390.2948031548696 874.0611646239864, 391.9204892795459 872.8999602492177, 409.9191570884616 919.2320148024911, 392.6172119044072 926.0831206136268, 373.3412192832457 882.0734748098909))",Polygon,False,946.9512619554292,373.3412192832457,872.8999602492177,409.9191570884616,926.0831206136268,36.57793780521587,53.18316036440911,391.9525105302177,899.9503893336952,1.0,False,"POLYGON ((373.3412174957493 882.0734750392606, 383.5598159922185 878.3576210400689, 390.2948013639421 874.0611648526284, 391.9204874888551 872.8999604780294, 409.9191553010701 919.2320150316517, 392.6172101140891 926.0831208422608, 373.3412174957493 882.0734750392606))",Polygon,False,946.9512619484088,373.3412174957493,872.8999604780294,409.9191553010701,926.0831208422608,36.5779378053208,53.18316036423141,391.9525087417843,899.9503895636417,1.0,False,train
guatemala-volcano_00000002__ef81591e-659f-430b-ad80-90aa5a493874,guatemala-volcano_00000002,ef81591e-659f-430b-ad80-90aa5a493874,challenge_train,destroyed,3,images/guatemala-volcano_00000002_pre_disaster.png,images/guatemala-volcano_00000002_post_disaster.png,labels/guatemala-volcano_00000002_pre_disaster.json,labels/guatemala-volcano_00000002_post_disaster.json,1024,1024,1024,1024,True,0.3287425827930295,0.9794516337402976,guatemala-volcano,volcano,2018-02-05T17:10:18.000Z,2018-06-22T16:55:40.000Z,10400100377A9B00,104001003E575F00,WORLDVIEW03_VNIR,WORLDVIEW03_VNIR,1.3459189,1.4085245,17.933279,21.97336,"POLYGON ((1024 238.0106127841054, 1020.035908691126 233.848316909788, 1016.666431078584 237.2177945223307, 1011.909521507935 232.4608849516822, 1008.341839329949 236.2267716951123, 1001.40467953942 230.0824301663579, 991.692655832679 239.5962493076549, 987.3321553929178 245.1459771400782, 995.2603380106654 253.470568888713, 1000.611861277645 248.3172501871772, 1006.161589110068 254.2633871504878, 1001.008270408532 258.4256830248053, 1010.918498680717 268.1377067315459, 1004.179543455631 275.074866522075, 1001.602884104863 272.3000026058634, 983.368064084044 295.6881413282185, 1000.017247581314 309.958870040164, 999.4196378519287 310.8333626074101, 1024 335.1360018036964, 1024 238.0106127841054))",Polygon,False,2446.103340922777,983.368064084044,230.0824301663579,1024.0,335.1360018036964,40.63193591595598,105.05357163733848,1009.6757158109992,279.4020258694851,1.0,False,"POLYGON ((1023.482608182874 334.6244580135142, 999.4196361411828 310.8333628270524, 1000.017245870696 309.9588702593426, 983.3680623757418 295.6881415473502, 1001.602882393618 272.300002825116, 1004.179541745681 275.0748667408224, 1010.918496970355 268.1377069506068, 1001.008268699362 258.4256832446848, 1006.16158739969 254.2633873692261, 1000.611859568038 248.3172504067268, 995.2603363002684 253.4705691070531, 987.3321536828095 245.1459773580347, 991.6926541216759 239.5962495266219, 1001.404677829025 230.0824303857684, 1008.341837622565 236.2267719128614, 1011.909519795935 232.4608851703883, 1016.666429367075 237.217794742002, 1020.035906981311 233.8483171291911, 1023.482535903457 237.4672775490528, 1023.482608182874 334.6244580135142))",Polygon,False,2395.8399135644145,983.3680623757418,230.0824303857684,1023.482608182874,334.6244580135142,40.11454580713212,104.5420276277458,1009.3806262988172,279.2571332694617,1.0,False,train
guatemala-volcano_00000004__104d384e-412b-4a72-8361-3c6c75cafdf0,guatemala-volcano_00000004,104d384e-412b-4a72-8361-3c6c75cafdf0,challenge_train,major-damage,2,images/guatemala-volcano_00000004_pre_disaster.png,images/guatemala-volcano_00000004_post_disaster.png,labels/guatemala-volcano_00000004_pre_disaster.json,labels/guatemala-volcano_00000004_post_disaster.json,1024,1024,1024,1024,True,0.0028100729413862,0.9998391447266588,guatemala-volcano,volcano,2018-02-05T17:10:18.000Z,2018-06-22T16:55:40.000Z,10400100377A9B00,104001003E575F00,WORLDVIEW03_VNIR,WORLDVIEW03_VNIR,1.3459189,1.4085245,17.933279,21.97336,"POLYGON ((173.1929441463874 0, 180.2646297032822 7.01208768849679, 175.0485542226658 11.96735939508243, 203.7369693660563 33.87487641367156, 209.4746523947344 26.3115669667777, 217.5595693896899 33.35326886560992, 231.3821694133235 12.88017260419031, 212.23472963583 0, 173.1929441463874 0))",Polygon,False,1242.9450812492562,173.1929441463874,0.0,231.3821694133235,33.87487641367156,58.18922526693612,33.87487641367156,203.15859336951632,14.126866687671727,1.0,False,"POLYGON ((212.2425241572 0.0052446247685262, 231.3821676979141 12.88017282398865, 217.5595676779494 33.35326908503746, 209.474650679756 26.3115671854467, 203.73696765205 33.87487663350699, 175.048552510671 11.96735961487916, 180.2646279882456 7.012087908216943, 173.1979822446708 0.0049975554500623, 212.2425241572 0.0052446247685262))",Polygon,False,1242.7451469784637,173.1979822446708,0.0049975554500623,231.3821676979141,33.87487663350699,58.18418545324329,33.86987907805693,203.1602462488123,14.129139241294594,1.0,False,hold
guatemala-volcano_00000015__386da9c3-20c0-41a6-89e2-1016c45c6b04,guatemala-volcano_00000015,386da9c3-20c0-41a6-89e2-1016c45c6b04,challenge_train,no-damage,0,images/guatemala-volcano_00000015_pre_disaster.png,images/guatemala-volcano_00000015_post_disaster.png,labels/guatemala-volcano_00000015_pre_disaster.json,labels/guatemala-volcano_00000015_post_disaster.json,1024,1024,1024,1024,True,1.6412563732056815e-06,0.9999999999344474,guatemala-volcano,volcano,2018-02-05T17:10:04.000Z,2018-06-22T16:55:40.000Z,1040010037B88300,104001003E575F00,WORLDVIEW03_VNIR,WORLDVIEW03_VNIR,1.397611,1.4085245,21.536394,21.97336,"POLYGON ((761.939057633115 111.4336123691019, 775.3068928724373 165.2232351178034, 795.0403639400082 162.6769807865039, 782.3090922835108 107.9325126635651, 761.939057633115 111.4336123691019))",Polygon,False,1127.6070183273516,761.939057633115,107.9325126635651,795.0403639400082,165.2232351178034,33.10130630689321,57.29072245423829,778.6290406828533,136.62422505265346,1.0,False,"POLYGON ((761.9390560047076 111.4336125724693, 782.3090906549162 107.9325128671353, 795.0403623102878 162.676980990312, 775.3068912449602 165.2232353208167, 761.9390560047076 111.4336125724693))",Polygon,False,1127.607018253434,761.9390560047076,107.9325128671353,795.0403623102878,165.2232353208167,33.10130630558024,57.29072245368141,778.6290390541931,136.62422525560245,1.0,False,train
hurricane-matthew_00000000__00e218e2-d2c9-46f2-9777-975b401e8245,hurricane-matthew_00000000,00e218e2-d2c9-46f2-9777-975b401e8245,challenge_train,minor-damage,1,images/hurricane-matthew_00000000_pre_disaster.png,images/hurricane-matthew_00000000_post_disaster.png,labels/hurricane-matthew_00000000_pre_disaster.json,labels/hurricane-matthew_00000000_post_disaster.json,1024,1024,1024,1024,True,5.2837420931599823e-08,1.0000000000191045,hurricane-matthew,wind,2013-01-05T16:02:21.000Z,2016-10-09T15:32:03.000Z,103001001E34CB00,103001005E6EF000,WORLDVIEW02,WORLDVIEW02,1.91168606,2.77336645,10.82403564,36.067111970000006,"POLYGON ((651.59 974.31, 652.2584375711814 982.7244085700821, 649.81 988.78, 634.4669683113112 986.4489058854517, 636.4699038497672 973.2939110936309, 651.59 974.31))",Polygon,False,225.87645082895216,634.4669683113112,973.2939110936308,652.2584375711814,988.78,17.791469259870155,15.486088906369105,643.6346930502554,980.8158190740834,1.0,False,"POLYGON ((651.5899999496052 974.3100000098268, 652.2584375173011 982.724408580591, 649.8099999509118 988.7800000105043, 634.4669682592953 986.4489058966989, 636.4699037986483 973.2939111041533, 651.5899999496052 974.3100000098268))",Polygon,False,225.8764508332673,634.4669682592953,973.2939111041532,652.2584375173011,988.7800000105044,17.791469258005804,15.486088906351029,643.634692998471,980.8158190845796,1.0,False,train
hurricane-matthew_00000000__3bd16a54-cca3-4398-bc45-80a6e75bb03f,hurricane-matthew_00000000,3bd16a54-cca3-4398-bc45-80a6e75bb03f,challenge_train,no-damage,0,images/hurricane-matthew_00000000_pre_disaster.png,images/hurricane-matthew_00000000_post_disaster.png,labels/hurricane-matthew_00000000_pre_disaster.json,labels/hurricane-matthew_00000000_post_disaster.json,1024,1024,1024,1024,True,5.181716697438896e-08,0.999999999888683,hurricane-matthew,wind,2013-01-05T16:02:21.000Z,2016-10-09T15:32:03.000Z,103001001E34CB00,103001005E6EF000,WORLDVIEW02,WORLDVIEW02,1.91168606,2.77336645,10.82403564,36.067111970000006,"POLYGON ((392.4842807100997 951.7634195689877, 390.61 970.02, 371.87 967.82, 373.91 949.61, 392.4842807100997 951.7634195689877))",Polygon,False,344.44118124551994,371.87,949.61,392.4842807100997,970.02,20.614280710099703,20.409999999999968,382.2193908164447,959.8173540359256,1.0,False,"POLYGON ((392.4842806586976 951.7634195791233, 390.6099999476452 970.0200000106545, 371.8699999497178 967.8200000115214, 373.9099999514114 949.6100000114549, 392.4842806586976 951.7634195791233))",Polygon,False,344.4411812071778,371.8699999497178,949.6100000114548,392.4842806586976,970.0200000106544,20.61428070897984,20.409999999199613,382.2193907658108,959.817354046936,1.0,False,train
hurricane-matthew_00000000__53153a7b-065a-4dcc-aa22-2bd31871ad62,hurricane-matthew_00000000,53153a7b-065a-4dcc-aa22-2bd31871ad62,challenge_train,major-damage,2,images/hurricane-matthew_00000000_pre_disaster.png,images/hurricane-matthew_00000000_post_disaster.png,labels/hurricane-matthew_00000000_pre_disaster.json,labels/hurricane-matthew_00000000_post_disaster.json,1024,1024,1024,1024,True,5.3406411725923327e-08,1.0000000000143194,hurricane-matthew,wind,2013-01-05T16:02:21.000Z,2016-10-09T15:32:03.000Z,103001001E34CB00,103001005E6EF000,WORLDVIEW02,WORLDVIEW02,1.91168606,2.77336645,10.82403564,36.067111970000006,"POLYGON ((783.6297846982383 933.9211552655795, 783.9975190560777 946.9757249688811, 771.1268165316959 947.1595921478008, 770.391347816017 934.1050224444992, 783.6297846982383 933.9211552655795))",Polygon,False,170.52321155681125,770.391347816017,933.9211552655796,783.9975190560777,947.1595921478008,13.606171240060805,13.238436882221322,777.2846415999581,940.5097534786386,1.0,False,"POLYGON ((783.6297846454339 933.9211552755888, 783.9975190041399 946.9757249792104, 771.1268164791492 947.1595921583238, 770.3913477636545 934.1050224551814, 783.6297846454339 933.9211552755888))",Polygon,False,170.52321155925304,770.3913477636545,933.9211552755888,783.9975190041399,947.1595921583238,13.606171240485423,13.23843688273496,777.2846415475883,940.5097534891096,1.0,False,train
hurricane-matthew_00000000__5374ddee-9471-46c4-b7b1-1e79fc3a1f58,hurricane-matthew_00000000,5374ddee-9471-46c4-b7b1-1e79fc3a1f58,challenge_train,destroyed,3,images/hurricane-matthew_00000000_pre_disaster.png,images/hurricane-matthew_00000000_post_disaster.png,labels/hurricane-matthew_00000000_pre_disaster.json,labels/hurricane-matthew_00000000_post_disaster.json,1024,1024,1024,1024,True,5.216139721994209e-08,1.000000000185455,hurricane-matthew,wind,2013-01-05T16:02:21.000Z,2016-10-09T15:32:03.000Z,103001001E34CB00,103001005E6EF000,WORLDVIEW02,WORLDVIEW02,1.91168606,2.77336645,10.82403564,36.067111970000006,"POLYGON ((678.3887508074924 823.5001323753278, 689.3672835035131 826.3754623671427, 686.2305598760787 838.3995696056417, 674.9906335444383 835.2628459782071, 678.3887508074924 823.5001323753278))",Polygon,False,141.94857952233968,674.9906335444383,823.5001323753278,689.3672835035131,838.3995696056417,14.376649959074824,14.89943723031388,682.250519356832,830.9159107097587,1.0,False,"POLYGON ((678.3887507558275 823.5001323864473, 689.3672834545526 826.3754623774349, 686.2305598243596 838.3995696164392, 674.9906334921817 835.2628459896023, 678.3887507558275 823.5001323864473))",Polygon,False,141.94857954866475,674.9906334921817,823.5001323864473,689.3672834545526,838.3995696164392,14.376649962370948,14.899437229991918,682.2505193057885,830.9159107205,1.0,False,train
hurricane-matthew_00000000__a553b781-5237-4d65-b5b2-04018c9c2807,hurricane-matthew_00000000,a553b781-5237-4d65-b5b2-04018c9c2807,challenge_train,minor-damage,1,images/hurricane-matthew_00000000_pre_disaster.png,images/hurricane-matthew_00000000_post_disaster.png,labels/hurricane-matthew_00000000_pre_disaster.json,labels/hurricane-matthew_00000000_post_disaster.json,1024,1024,1024,1024,True,5.3403631877863614e-08,1.0000000000015707,hurricane-matthew,wind,2013-01-05T16:02:21.000Z,2016-10-09T15:32:03.000Z,103001001E34CB00,103001005E6EF000,WORLDVIEW02,WORLDVIEW02,1.91168606,2.77336645,10.82403564,36.067111970000006,"POLYGON ((717.4348659106961 1017.220111182117, 718.8428636531211 1006.894794404334, 701.0082255824053 1004.313465209888, 699.6002278399804 1014.873448278075, 717.4348659106961 1017.220111182117))",Polygon,False,189.7101827503036,699.6002278399804,1004.313465209888,718.8428636531211,1017.220111182117,19.242635813140623,12.906645972228944,709.1889626670412,1010.8194093017609,1.0,False,"POLYGON ((717.4348658571541 1017.220111193077, 699.6002277878968 1014.873448288395, 701.0082255301309 1004.313465220204, 718.8428636010659 1006.894794414779, 717.4348658571541 1017.220111193077))",Polygon,False,189.71018275060155,699.6002277878968,1004.313465220204,718.8428636010659,1017.220111193077,19.24263581316916,12.90664597287298,709.1889626146692,1010.8194093122067,1.0,False,train
hurricane-matthew_00000030__92026d60-b564-4a11-9b7a-30dc76abeaa5,hurricane-matthew_00000030,92026d60-b564-4a11-9b7a-30dc76abeaa5,challenge_train,no-damage,0,images/hurricane-matthew_00000030_pre_disaster.png,images/hurricane-matthew_00000030_post_disaster.png,labels/hurricane-matthew_00000030_pre_disaster.json,labels/hurricane-matthew_00000030_post_disaster.json,1024,1024,1024,1024,True,4.939221594424848e-08,0.9999999999287564,hurricane-matthew,wind,2013-01-05T16:02:21.000Z,2016-10-01T15:29:45.000Z,103001001E34CB00,103001005E8D5E00,WORLDVIEW02,WORLDVIEW02,1.91168606,2.37887692,10.82403564,29.44172287,"POLYGON ((908.2234272969882 345.9049826389957, 938.8442976784622 322.2978311717141, 952.5296028768864 346.2471152689563, 943.805220812891 354.1161657580502, 942.114407990003 360.6460034289874, 930.2909819294472 371.5649298860409, 924.6457935350973 370.1963993661985, 918.1452735658457 362.1562825621244, 911.1315546516533 366.6040067516122, 905.1442336273428 358.2217573175774, 912.1579525415352 352.7476352382077, 908.2234272969882 345.9049826389957))",Polygon,False,1263.6406330229372,905.1442336273428,322.2978311717141,952.5296028768864,371.5649298860409,47.3853692495436,49.26709871432678,929.5716466333048,348.6281216889522,1.0,False,"POLYGON ((908.2234272510111 345.9049826493356, 938.8442976299788 322.2978311811503, 952.5296028282977 346.2471152792816, 943.8052207615592 354.1161657675582, 942.1144079395956 360.646003439622, 930.2909818794117 371.5649298952791, 924.6457934862615 370.1963993750161, 918.1452735146513 362.1562825715268, 911.1315546005188 366.6040067617824, 905.1442335783814 358.2217573269091, 912.1579524951503 352.7476352482539, 908.2234272510111 345.9049826493356))",Polygon,False,1263.640632932911,905.1442335783814,322.2978311811503,952.5296028282976,371.5649298952791,47.385369249916266,49.26709871412879,929.5716465848722,348.6281216986409,0.9999999999999996,False,train
hurricane-matthew_00000037__3d34d4a7-6cb9-4dd1-a779-faf5b256f319,hurricane-matthew_00000037,3d34d4a7-6cb9-4dd1-a779-faf5b256f319,challenge_train,minor-damage,1,images/hurricane-matthew_00000037_pre_disaster.png,images/hurricane-matthew_00000037_post_disaster.png,labels/hurricane-matthew_00000037_pre_disaster.json,labels/hurricane-matthew_00000037_post_disaster.json,1024,1024,1024,1024,True,4.671463770157527e-08,1.0000000000236104,hurricane-matthew,wind,2013-01-05T16:02:21.000Z,2016-10-01T15:29:45.000Z,103001001E34CB00,103001005E8D5E00,WORLDVIEW02,WORLDVIEW02,1.91168606,2.37887692,10.82403564,29.44172287,"POLYGON ((516.6937263291635 152.0494765104289, 510.441008274679 164.5549126193979, 500.671136314547 161.0377587137504, 506.1422646122209 147.3599379695656, 516.6937263291635 152.0494765104289))",Polygon,False,157.07317514194972,500.671136314547,147.3599379695656,516.6937263291635,164.5549126193979,16.02259001461647,17.19497464983229,508.4933033192045,156.11276800015796,0.9999999999999998,False,"POLYGON ((516.6937262824343 152.0494765193461, 510.4410082303621 164.5549126301985, 500.6711362676629 161.0377587234071, 506.1422645692479 147.3599379795141, 516.6937262824343 152.0494765193461))",Polygon,False,157.0731751456583,500.6711362676629,147.3599379795141,516.6937262824343,164.5549126301985,16.022590014771424,17.1949746506844,508.493303273679,156.11276801063084,0.9999999999999998,False,test
hurricane-matthew_00000043__8fa2b311-4ad0-4b6d-af2f-3ca06335b879,hurricane-matthew_00000043,8fa2b311-4ad0-4b6d-af2f-3ca06335b879,challenge_train,minor-damage,1,images/hurricane-matthew_00000043_pre_disaster.png,images/hurricane-matthew_00000043_post_disaster.png,labels/hurricane-matthew_00000043_pre_disaster.json,labels/hurricane-matthew_00000043_post_disaster.json,1024,1024,1024,1024,True,4.773304572061548e-08,1.0000000000021338,hurricane-matthew,wind,2013-01-05T16:02:21.000Z,2016-10-01T15:29:45.000Z,103001001E34CB00,103001005E8D5E00,WORLDVIEW02,WORLDVIEW02,1.91168606,2.37887692,10.82403564,29.44172287,"POLYGON ((27.10675378072133 938.7661165950834, 59.21605913802588 942.5436819312368, 57.95687069264139 954.5059721623895, 24.90317400129846 952.6171894943128, 27.10675378072133 938.7661165950834))",Polygon,False,425.4243710918293,24.90317400129846,938.7661165950834,59.21605913802588,954.5059721623896,34.31288513672742,15.739855567306108,41.88285942153736,947.09515099745,1.0,False,"POLYGON ((27.10675373400339 938.7661166047616, 59.21605909026562 942.5436819410171, 57.95687064868161 954.505972171774, 24.90317395320226 952.6171895034065, 27.10675373400339 938.7661166047616))",Polygon,False,425.424371092737,24.90317395320226,938.7661166047616,59.21605909026562,954.505972171774,34.31288513706336,15.739855567012455,41.88285937478972,947.0951510070988,1.0,False,train
hurricane-matthew_00000060__4af10d40-d5e0-4b9e-bed0-08921e886b06,hurricane-matthew_00000060,4af10d40-d5e0-4b9e-bed0-08921e886b06,challenge_train,destroyed,3,images/hurricane-matthew_00000060_pre_disaster.png,images/hurricane-matthew_00000060_post_disaster.png,labels/hurricane-matthew_00000060_pre_disaster.json,labels/hurricane-matthew_00000060_post_disaster.json,1024,1024,1024,1024,True,4.5184821081113056e-08,0.9999999998634233,hurricane-matthew,wind,2013-01-05T16:02:21.000Z,2016-10-09T15:32:03.000Z,103001001E34CB00,103001005E6EF000,WORLDVIEW02,WORLDVIEW02,1.91168606,2.77336645,10.82403564,36.067111970000006,"POLYGON ((847.9551683610184 642.9269417835721, 853.8389180864502 638.8818638473379, 865.2386831794743 651.9364335506394, 860.4581365275609 656.3492458447133, 847.9551683610184 642.9269417835721))",Polygon,False,121.1309807708306,847.9551683610184,638.8818638473379,865.2386831794743,656.3492458447133,17.283514818455842,17.46738199737547,856.7644742880173,647.4499135931583,1.0,False,"POLYGON ((847.9551683183261 642.926941792489, 853.8389180412241 638.8818638560347, 865.2386831342361 651.9364335592185, 860.4581364823897 656.3492458539679, 847.9551683183261 642.926941792489))",Polygon,False,121.13098075428692,847.9551683183261,638.8818638560347,865.2386831342361,656.3492458539679,17.283514815910053,17.467381997933217,856.7644742437731,647.44991360233,1.0,False,train
hurricane-matthew_00000075__b1065d3e-885c-4509-b5c5-a98261acd2b5,hurricane-matthew_00000075,b1065d3e-885c-4509-b5c5-a98261acd2b5,challenge_train,minor-damage,1,images/hurricane-matthew_00000075_pre_disaster.png,images/hurricane-matthew_00000075_post_disaster.png,labels/hurricane-matthew_00000075_pre_disaster.json,labels/hurricane-matthew_00000075_post_disaster.json,1024,1024,1024,1024,True,4.689315187533399e-08,0.9999999997672734,hurricane-matthew,wind,2013-01-05T16:02:21.000Z,2016-10-01T15:29:45.000Z,103001001E34CB00,103001005E8D5E00,WORLDVIEW02,WORLDVIEW02,1.91168606,2.37887692,10.82403564,29.44172287,"POLYGON ((476.569892623591 846.406555655855, 493.7935297068436 835.7771110559047, 499.2066727901516 844.8318231225289, 481.7861941402332 854.6739014558162, 476.569892623591 846.406555655855))",Polygon,False,204.42707409053293,476.569892623591,835.7771110559047,499.2066727901516,854.6739014558162,22.636780166560584,18.89679039991153,487.9442335666407,845.3482772911223,1.0,False,"POLYGON ((476.5698925788922 846.4065556659203, 493.7935296617904 835.7771110650901, 499.2066727424054 844.8318231309728, 481.7861940933577 854.6739014643291, 476.5698925788922 846.4065556659203))",Polygon,False,204.4270740429573,476.5698925788922,835.7771110650901,499.2066727424054,854.6739014643291,22.63678016351315,18.896790399238967,487.944233520614,845.3482773000951,1.0,False,train
hurricane-matthew_00000089__c8e566c0-1c40-48ba-aafa-fdedf44f8cfe,hurricane-matthew_00000089,c8e566c0-1c40-48ba-aafa-fdedf44f8cfe,challenge_train,minor-damage,1,images/hurricane-matthew_00000089_pre_disaster.png,images/hurricane-matthew_00000089_post_disaster.png,labels/hurricane-matthew_00000089_pre_disaster.json,labels/hurricane-matthew_00000089_post_disaster.json,1024,1024,1024,1024,True,4.8290540697080896e-08,1.0000000000470035,hurricane-matthew,wind,2013-01-05T16:02:21.000Z,2016-10-01T15:29:45.000Z,103001001E34CB00,103001005E8D5E00,WORLDVIEW02,WORLDVIEW02,1.91168606,2.37887692,10.82403564,29.44172287,"POLYGON ((48.10655767402994 815.9066740008057, 65.82646589222506 804.7632265646212, 78.4313490577453 824.1272499783189, 66.92254268922682 831.6171080911643, 65.46110695989114 829.4249544971607, 59.43268457638145 832.713184888166, 48.10655767402994 815.9066740008057))",Polygon,False,462.799947095242,48.10655767402994,804.7632265646212,78.4313490577453,832.713184888166,30.32479138371535,27.94995832354482,63.36041165357129,819.4911218422202,1.0,False,"POLYGON ((48.106557625899 815.9066740100466, 65.82646584757543 804.763226574161, 78.43134900999036 824.1272499890445, 66.92254264073289 831.6171081013038, 65.46110691564414 829.4249545063611, 59.43268452895116 832.7131848980562, 48.106557625899 815.9066740100466))",Polygon,False,462.7999471169952,48.106557625899,804.763226574161,78.43134900999036,832.7131848980562,30.324791384091355,27.949958323895203,63.36041160623915,819.4911218517933,1.0,False,train
hurricane-matthew_00000092__d27d9495-e086-427c-8bbb-f07e501fb1ef,hurricane-matthew_00000092,d27d9495-e086-427c-8bbb-f07e501fb1ef,challenge_train,minor-damage,1,images/hurricane-matthew_00000092_pre_disaster.png,images/hurricane-matthew_00000092_post_disaster.png,labels/hurricane-matthew_00000092_pre_disaster.json,labels/hurricane-matthew_00000092_post_disaster.json,1024,1024,1024,1024,True,4.867694649292117e-08,0.9999999998831371,hurricane-matthew,wind,2013-01-05T16:02:21.000Z,2016-10-01T15:29:45.000Z,103001001E34CB00,103001005E8D5E00,WORLDVIEW02,WORLDVIEW02,1.91168606,2.37887692,10.82403564,29.44172287,"POLYGON ((578.9781744129748 49.13031009227708, 595.6687317545881 38.41160354261718, 587.7062640319836 29.6835139236084, 582.0406619985919 29.6835139236084, 573.0063236210214 33.35849902634894, 578.9781744129748 49.13031009227708))",Polygon,False,252.8180919038145,573.0063236210214,29.6835139236084,595.6687317545881,49.13031009227708,22.662408133566714,19.44679616866868,583.3904239936459,37.893432725972616,1.0,False,"POLYGON ((578.9781743641878 49.13031010276674, 573.0063235755009 33.35849903658272, 582.0406619503974 29.68351393389891, 587.7062639831237 29.68351393246086, 595.6687317059267 38.41160355067581, 578.9781743641878 49.13031010276674))",Polygon,False,252.8180918742696,573.0063235755009,29.68351393246086,595.6687317059267,49.13031010276674,22.66240813042577,19.446796170305884,583.390423945969,37.89343273578909,1.0,False,train
hurricane-matthew_00000106__02f94f75-477f-4768-86b6-e03a8746de72,hurricane-matthew_00000106,02f94f75-477f-4768-86b6-e03a8746de72,challenge_train,minor-damage,1,images/hurricane-matthew_00000106_pre_disaster.png,images/hurricane-matthew_00000106_post_disaster.png,labels/hurricane-matthew_00000106_pre_disaster.json,labels/hurricane-matthew_00000106_post_disaster.json,1024,1024,1024,1024,True,5.0015075395735794e-08,0.999999999980848,hurricane-matthew,wind,2013-01-05T16:02:21.000Z,2016-10-01T15:29:45.000Z,103001001E34CB00,103001005E8D5E00,WORLDVIEW02,WORLDVIEW02,1.91168606,2.37887692,10.82403564,29.44172287,"POLYGON ((783.33 373.76, 775.04 382.11, 771.88 378.51, 780.0566666666666 370.4266666666666, 783.33 373.76))",Polygon,False,54.97250000000065,771.88,370.4266666666666,783.33,382.11,11.450000000000044,11.683333333333394,777.5669850076554,376.2239872966787,1.0,False,"POLYGON ((783.3299999517075 373.7600000084615, 775.0399999508136 382.110000008378, 771.879999949454 378.5100000103371, 780.0566666185374 370.4266666762675, 783.3299999517075 373.7600000084615))",Polygon,False,54.97249999894781,771.879999949454,370.4266666762675,783.3299999517075,382.110000008378,11.450000002253432,11.68333333211052,777.5669849584989,376.22398730590623,1.0,False,hold
hurricane-matthew_00000106__4a14d4a6-cb6e-4c8e-83cb-a84c72ca9b2e,hurricane-matthew_00000106,4a14d4a6-cb6e-4c8e-83cb-a84c72ca9b2e,challenge_train,minor-damage,1,images/hurricane-matthew_00000106_pre_disaster.png,images/hurricane-matthew_00000106_post_disaster.png,labels/hurricane-matthew_00000106_pre_disaster.json,labels/hurricane-matthew_00000106_post_disaster.json,1024,1024,1024,1024,True,4.954600830208904e-08,0.9999999999661332,hurricane-matthew,wind,2013-01-05T16:02:21.000Z,2016-10-01T15:29:45.000Z,103001001E34CB00,103001005E8D5E00,WORLDVIEW02,WORLDVIEW02,1.91168606,2.37887692,10.82403564,29.44172287,"POLYGON ((806.5675310769884 903.9599159101865, 813.54 894.96, 839.06 910.87, 829.69 923.17, 806.5675310769884 903.9599159101865))",Polygon,False,402.5073451338321,806.5675310769884,894.96,839.06,923.17,32.49246892301153,28.209999999999923,822.8281010642834,908.687993464148,1.0,False,"POLYGON ((806.5675310288158 903.9599159199847, 813.5399999541046 894.9600000101436, 839.0599999495752 910.870000008918, 829.6899999516176 923.1700000102934, 806.5675310288158 903.9599159199847))",Polygon,False,402.50734512020045,806.5675310288158,894.9600000101436,839.0599999495752,923.1700000102934,32.49246892075939,28.21000000014976,822.8281010157101,908.6879934739176,1.0,False,hold
hurricane-matthew_00000245__d6455568-b5b3-434e-b2fa-e9d9831775ad,hurricane-matthew_00000245,d6455568-b5b3-434e-b2fa-e9d9831775ad,challenge_train,destroyed,3,images/hurricane-matthew_00000245_pre_disaster.png,images/hurricane-matthew_00000245_post_disaster.png,labels/hurricane-matthew_00000245_pre_disaster.json,labels/hurricane-matthew_00000245_post_disaster.json,1024,1024,1024,1024,True,6.9998970890559175e-09,0.9999999999178418,hurricane-matthew,wind,2013-06-09T15:51:17.851Z,2016-10-10T16:04:56.646Z,103001002468D900,104001002437EF00,WORLDVIEW02,WORLDVIEW03_VNIR,1.95753467082977,1.59234964847565,14.3712577819824,29.8398818969727,"POLYGON ((335.0546537418724 539.2775996877912, 346.3877035281823 533.2202799744186, 351.2726387809021 543.3809453000758, 339.9395889945922 549.0474701932308, 335.0546537418724 539.2775996877912))",Polygon,False,141.57198832874417,335.0546537418724,533.2202799744186,351.2726387809021,549.0474701932308,16.217985039029713,15.82719021881212,343.18770206443867,541.2050939618618,1.0,False,"POLYGON ((335.0546537346748 539.2775996898785, 346.3877035233158 533.2202799759978, 351.2726387729948 543.3809453018728, 339.9395889872329 549.0474701935528, 335.0546537346748 539.2775996898785))",Polygon,False,141.57198831711287,335.0546537346748,533.2202799759978,351.2726387729948,549.0474701935528,16.217985038320023,15.827190217555083,343.1877020575432,541.2050939630662,1.0,False,train
hurricane-matthew_00000260__7c7e03de-db14-4620-b14d-6fc53388b915,hurricane-matthew_00000260,7c7e03de-db14-4620-b14d-6fc53388b915,challenge_train,destroyed,3,images/hurricane-matthew_00000260_pre_disaster.png,images/hurricane-matthew_00000260_post_disaster.png,labels/hurricane-matthew_00000260_pre_disaster.json,labels/hurricane-matthew_00000260_post_disaster.json,1024,1024,1024,1024,True,6.5671357377543955e-09,1.0000000001129268,hurricane-matthew,wind,2013-06-09T15:51:17.851Z,2016-10-11T15:59:14.035Z,103001002468D900,103001005F15AA00,WORLDVIEW02,WORLDVIEW02,1.95753467082977,2.72200345993042,14.3712577819824,35.4669075012207,"POLYGON ((503.5558620974936 827.724572925825, 509.47720029415 828.00654141138, 509.47720029415 828.8524468680453, 510.9810322171103 828.4764888873051, 512.8608221208108 827.724572925825, 513.0488011111808 825.9387725173095, 518.8761498126521 823.683024632869, 522.3537611344979 824.4349405943492, 526.959246398564 824.6229195847193, 528.7450468070793 828.5704783824901, 528.7450468070793 831.7661212187809, 524.2335510381984 834.5858060743316, 524.7034985141235 837.0295329491421, 526.6772779130089 837.2175119395121, 529.3089837781895 839.0033123480275, 529.3089837781895 843.4208186217236, 525.2674354852336 852.3498206643005, 518.8761498126521 851.3159362172653, 516.4324229378416 849.71811479912, 504.5897465445289 851.5039152076354, 502.2400091649033 831.954100209151, 502.4279881552733 831.8601107139659, 502.9919251263835 831.6721317235958, 502.7099566408284 828.5704783824901, 503.5558620974936 827.724572925825))",Polygon,False,611.0406894139948,502.2400091649033,823.683024632869,529.3089837781895,852.3498206643005,27.068974613286173,28.666796031431545,516.0109545140178,838.2644018291361,0.9999999999999998,False,"POLYGON ((503.5558620895819 827.7245729289258, 509.477200287312 828.0065414111835, 509.477200288032 828.8524468689964, 510.9810322089261 828.4764888891328, 512.8608221135236 827.7245729279658, 513.0488011034553 825.9387725185743, 518.8761498042996 823.6830246336333, 522.3537611297968 824.4349405962403, 526.9592463934447 824.622919586652, 528.7450467997165 828.5704783838587, 528.7450467994765 831.7661212203784, 524.2335510341543 834.5858060751148, 524.7034985080238 837.0295329504675, 526.6772779049473 837.2175119408791, 529.3089837747915 839.0033123488308, 529.3089837740715 843.4208186239869, 525.267435480699 852.349820665185, 518.8761498064595 851.3159362203203, 516.4324229313468 849.7181148003805, 504.5897465361265 851.5039152092921, 502.2400091581396 831.9541002107902, 502.4279881478313 831.8601107151044, 502.9919251197866 831.6721317246926, 502.709956633209 828.5704783838587, 503.5558620895819 827.7245729289258))",Polygon,False,611.0406894829975,502.2400091581396,823.6830246336333,529.3089837747915,852.349820665185,27.06897461665187,28.666796031551712,516.0109545077306,838.264401831033,1.0,False,train
hurricane-matthew_00000282__9b3befd4-7e92-4832-b7b7-d9eba4dcc476,hurricane-matthew_00000282,9b3befd4-7e92-4832-b7b7-d9eba4dcc476,challenge_train,destroyed,3,images/hurricane-matthew_00000282_pre_disaster.png,images/hurricane-matthew_00000282_post_disaster.png,labels/hurricane-matthew_00000282_pre_disaster.json,labels/hurricane-matthew_00000282_post_disaster.json,1024,1024,1024,1024,True,8.501739783711547e-09,0.9999999999416436,hurricane-matthew,wind,2013-06-09T15:51:17.851Z,2016-10-10T16:04:56.646Z,103001002468D900,104001002437EF00,WORLDVIEW02,WORLDVIEW03_VNIR,1.95753467082977,1.59234964847565,14.3712577819824,29.8398818969727,"POLYGON ((174.1541820669295 489.219244336907, 162.0956836103632 504.5242616087027, 172.7628168604026 509.6259340326346, 187.6040457300226 495.2484935651902, 174.1541820669295 489.219244336907))",Polygon,False,253.8176247512913,162.0956836103632,489.219244336907,187.6040457300226,509.6259340326346,25.50836211965938,20.40668969572755,174.40867612659787,499.4003168603726,1.0,False,"POLYGON ((174.1541820573859 489.2192443389848, 187.6040457212974 495.2484935666903, 172.7628168532067 509.6259340333847, 162.0956836024521 504.5242616108644, 174.1541820573859 489.2192443389848))",Polygon,False,253.8176247364794,162.0956836024521,489.2192443389848,187.6040457212974,509.6259340333847,25.50836211884529,20.40668969439986,174.40867611823637,499.4003168619104,1.0,False,hold
hurricane-matthew_00000286__a086fb3b-b52c-4286-8172-a7ac62b54fd3,hurricane-matthew_00000286,a086fb3b-b52c-4286-8172-a7ac62b54fd3,challenge_train,minor-damage,1,images/hurricane-matthew_00000286_pre_disaster.png,images/hurricane-matthew_00000286_post_disaster.png,labels/hurricane-matthew_00000286_pre_disaster.json,labels/hurricane-matthew_00000286_post_disaster.json,1024,1024,1024,1024,True,7.103985686358991e-09,0.9999999999844584,hurricane-matthew,wind,2013-06-09T15:51:17.851Z,2016-10-11T15:59:14.035Z,103001002468D900,103001005F15AA00,WORLDVIEW02,WORLDVIEW02,1.95753467082977,2.72200345993042,14.3712577819824,35.4669075012207,"POLYGON ((69.60580660651524 248.9676169674574, 61.20141917877715 261.3640884233711, 85.7842524049111 277.542534221767, 94.23028204105954 264.491128112455, 69.60580660651524 248.9676169674574))",Polygon,False,446.60319058719153,61.20141917877715,248.9676169674574,94.23028204105954,277.542534221767,33.02886286228239,28.57491725430964,77.7746051654858,263.15279663587523,1.0,False,"POLYGON ((69.6058066008972 248.9676169682297, 94.23028203317578 264.4911281140307, 85.7842523978681 277.5425342233819, 61.20141917197945 261.3640884240114, 69.6058066008972 248.9676169682297))",Polygon,False,446.6031905802506,61.20141917197945,248.9676169682297,94.23028203317578,277.5425342233819,33.02886286119633,28.5749172551522,77.77460515847301,263.1527966370099,1.0,False,test
hurricane-matthew_00000286__eb1771b9-46d7-4457-8196-8174035484c7,hurricane-matthew_00000286,eb1771b9-46d7-4457-8196-8174035484c7,challenge_train,minor-damage,1,images/hurricane-matthew_00000286_pre_disaster.png,images/hurricane-matthew_00000286_post_disaster.png,labels/hurricane-matthew_00000286_pre_disaster.json,labels/hurricane-matthew_00000286_post_disaster.json,1024,1024,1024,1024,True,7.563745489380825e-09,1.0000000000574036,hurricane-matthew,wind,2013-06-09T15:51:17.851Z,2016-10-11T15:59:14.035Z,103001002468D900,103001005F15AA00,WORLDVIEW02,WORLDVIEW02,1.95753467082977,2.72200345993042,14.3712577819824,35.4669075012207,"POLYGON ((568.5289427347814 612.2698275270626, 551.5527881944066 606.8683238096706, 543.836354312418 625.0019434323436, 560.0408654645939 631.560912232034, 568.5289427347814 612.2698275270626))",Polygon,False,358.89755330661865,543.836354312418,606.8683238096706,568.5289427347814,631.560912232034,24.692588422363315,24.692588422363315,556.0910072031984,618.9363335222878,1.0,False,"POLYGON ((568.5289427284478 612.2698275295256, 560.0408654569122 631.5609122342229, 543.8363543039296 625.0019434335891, 551.5527881877765 606.8683238113849, 568.5289427284478 612.2698275295256))",Polygon,False,358.8975533272207,543.8363543039296,606.8683238113849,568.5289427284478,631.5609122342229,24.69258842451813,24.69258842283796,556.0910071958949,618.9363335242549,1.0,False,test
hurricane-matthew_00000351__d16b9ff2-2d4a-4c66-892c-724710438abd,hurricane-matthew_00000351,d16b9ff2-2d4a-4c66-892c-724710438abd,challenge_train,minor-damage,1,images/hurricane-matthew_00000351_pre_disaster.png,images/hurricane-matthew_00000351_post_disaster.png,labels/hurricane-matthew_00000351_pre_disaster.json,labels/hurricane-matthew_00000351_post_disaster.json,1024,1024,1024,1024,True,8.435029069666766e-09,1.0000000000055809,hurricane-matthew,wind,2013-06-09T15:51:17.851Z,2016-10-11T15:59:14.035Z,103001002468D900,103001005F15AA00,WORLDVIEW02,WORLDVIEW02,1.95753467082977,2.72200345993042,14.3712577819824,35.4669075012207,"POLYGON ((111.4795989023676 443.8492075461723, 154.0813112169816 438.6582426002739, 156.0502979205982 452.4411495255902, 111.3006001111297 458.1691108452022, 111.4795989023676 443.8492075461723))",Polygon,False,618.5912118943862,111.3006001111297,438.6582426002739,156.0502979205982,458.1691108452022,44.74969780946852,19.510868244928304,133.16265106470914,448.346094978816,0.9999999999999998,False,"POLYGON ((111.479598894507 443.8492075471899, 154.0813112085594 438.6582426024893, 156.0502979139147 452.4411495267768, 111.3006001023257 458.1691108468214, 111.479598894507 443.8492075471899))",Polygon,False,618.5912118978384,111.3006001023257,438.6582426024893,156.0502979139147,458.1691108468214,44.749697811589,19.51086824433213,133.1626510564319,448.34609498044,0.9999999999999998,False,hold
nepal-flooding_00000001__00825c05-538a-4b3f-ba20-fc5c9ce577bf,nepal-flooding_00000001,00825c05-538a-4b3f-ba20-fc5c9ce577bf,challenge_train,no-damage,0,images/nepal-flooding_00000001_pre_disaster.png,images/nepal-flooding_00000001_post_disaster.png,labels/nepal-flooding_00000001_pre_disaster.json,labels/nepal-flooding_00000001_post_disaster.json,1024,1024,1024,1024,True,1.7780074351068428e-06,0.9999999999989216,nepal-flooding,flooding,2017-04-25T05:20:06.000Z,2017-08-24T05:16:36.085Z,1030010069B49000,105001000B78EC00,WORLDVIEW02,GEOEYE01,1.9265231,2.3406696,12.133798,34.13381,"POLYGON ((996.7555037796631 917.6315645256842, 1006.653151816389 894.6979898064402, 1013.653927257001 897.5948624025552, 1003.756279220274 921.4940613205043, 996.7555037796631 917.6315645256842))",Polygon,False,197.3837953383376,996.7555037796632,894.6979898064402,1013.653927257001,921.4940613205044,16.89842347733793,26.796071514064124,1005.1847587146974,907.9587512641876,1.0,False,"POLYGON ((996.7555053886407 917.6315652760288, 1006.653153430165 894.6979905591273, 1013.653928869493 897.5948631529434, 1003.756280831666 921.4940620704127, 996.7555053886407 917.6315652760288))",Polygon,False,197.38379533812468,996.7555053886408,894.6979905591273,1013.653928869493,921.4940620704128,16.89842348085233,26.79607151128539,1005.1847603258992,907.9587520160784,1.0,False,tier3
nepal-flooding_00000002__3dfbe567-9e42-4b3c-b796-d5e21091746e,nepal-flooding_00000002,3dfbe567-9e42-4b3c-b796-d5e21091746e,challenge_train,minor-damage,1,images/nepal-flooding_00000002_pre_disaster.png,images/nepal-flooding_00000002_post_disaster.png,labels/nepal-flooding_00000002_pre_disaster.json,labels/nepal-flooding_00000002_post_disaster.json,1024,1024,1024,1024,True,1.963229438888476e-06,1.0000000001396416,nepal-flooding,flooding,2017-04-25T05:20:06.000Z,2017-08-24T05:16:36.085Z,1030010069B49000,105001000B78EC00,WORLDVIEW02,GEOEYE01,1.9265231,2.3406696,12.133798,34.13381,"POLYGON ((598.7135725268774 532.3102619387587, 610.5424689610139 517.8258989581834, 620.9229290970928 525.7922985974998, 608.6112205636039 540.0352555283987, 598.7135725268774 532.3102619387587))",Polygon,False,240.3338565028916,598.7135725268774,517.8258989581834,620.9229290970928,540.0352555283987,22.20935657021539,22.20935657021528,609.7434797173877,528.9455236572946,1.0,False,"POLYGON ((598.713574304638 532.310262770992, 610.5424707376854 517.8258997900801, 620.9229308760432 525.7922994302226, 608.6112223414794 540.0352563617319, 598.713574304638 532.310262770992))",Polygon,False,240.33385653645223,598.713574304638,517.8258997900801,620.9229308760432,540.0352563617319,22.20935657140524,22.20935657165171,609.7434814953837,528.9455244897609,1.0,False,tier3
nepal-flooding_00000004__374f1adc-b3bb-4802-9f12-cbec99d1c5bc,nepal-flooding_00000004,374f1adc-b3bb-4802-9f12-cbec99d1c5bc,challenge_train,no-damage,0,images/nepal-flooding_00000004_pre_disaster.png,images/nepal-flooding_00000004_post_disaster.png,labels/nepal-flooding_00000004_pre_disaster.json,labels/nepal-flooding_00000004_post_disaster.json,1024,1024,1024,1024,True,0.8184303486927361,0.8745668055353698,nepal-flooding,flooding,2017-04-25T05:20:06.000Z,2017-08-24T05:16:36.085Z,1030010069B49000,105001000B78EC00,WORLDVIEW02,GEOEYE01,1.9265231,2.3406696,12.133798,34.13381,"POLYGON ((329.2944982027018 200.5227338945999, 329.38 215.85, 322.3988894780319 212.2995439400976, 318.3189555797656 210.4862399853126, 315.4402707318739 207.8348197306755, 311.52 205.3, 311.7266447358858 205.3686400757559, 314.1473777237803 198.4937583901356, 320.1701291542942 188.5853608754191, 321.93 184.06, 322.0063486670825 184.1001036076709, 328.1283942770027 174.3825708935118, 329.2944982027018 200.5227338945999))",Polygon,False,396.29131274697306,311.52,174.3825708935118,329.38,215.85,17.860000000000014,41.4674291064882,322.91041188388607,198.3787862445861,1.0,False,"POLYGON ((328.1042567933614 215.2011821251413, 322.3988912696601 212.2995447809255, 318.3189573746493 210.48624082693, 315.44027252585 207.8348205729101, 311.5200017922072 205.3000008390406, 311.7266465289069 205.3686409166218, 314.1473795165513 198.4937592298386, 320.17013094867 188.5853617140008, 321.9300017935731 184.0600008387455, 322.00635046097 184.1001044480979, 327.3513488415206 175.6159805491197, 328.1042567933614 215.2011821251413))",Polygon,False,346.5832274505384,311.5200017922072,175.6159805491197,328.1042567933614,215.2011821251413,16.58425500115419,39.585201576021575,322.1253139916838,198.60997780005667,1.0,False,tier3
nepal-flooding_00000004__67a76847-107b-41b1-9edb-950bc0b954af,nepal-flooding_00000004,67a76847-107b-41b1-9edb-950bc0b954af,challenge_train,destroyed,3,images/nepal-flooding_00000004_pre_disaster.png,images/nepal-flooding_00000004_post_disaster.png,labels/nepal-flooding_00000004_pre_disaster.json,labels/nepal-flooding_00000004_post_disaster.json,1024,1024,1024,1024,True,1.9795069180142896e-06,0.9999999998738844,nepal-flooding,flooding,2017-04-25T05:20:06.000Z,2017-08-24T05:16:36.085Z,1030010069B49000,105001000B78EC00,WORLDVIEW02,GEOEYE01,1.9265231,2.3406696,12.133798,34.13381,"POLYGON ((284.4985931892739 449.2524535201769, 297.9087883348136 447.308946977345, 300.0466455319286 447.9891742673362, 301.7958014204772 455.9575510929467, 298.3946649705215 458.5812849257696, 284.012716553566 459.0671615614776, 282.6522619735837 456.346252401513, 285.1788204792651 455.4716744572387, 284.4985931892739 449.2524535201769))",Polygon,False,173.4262283483102,282.6522619735837,447.308946977345,301.7958014204772,459.0671615614776,19.1435394468935,11.758214584132588,292.69410046539053,453.5440652910314,1.0,False,"POLYGON ((284.498594982255 449.2524543590536, 297.908790129176 447.3089478178148, 300.0466473254752 447.9891751069526, 301.7958032126394 455.9575519341162, 298.3946667615278 458.5812857644926, 284.0127183459594 459.0671624002953, 282.6522637681769 456.3462532407864, 285.1788222721323 455.4716752963416, 284.498594982255 449.2524543590536))",Polygon,False,173.42622832643843,282.6522637681769,447.3089478178148,301.7958032126394,459.0671624002953,19.14353944446248,11.758214582480491,292.69410225821383,453.5440661302169,1.0,False,tier3
nepal-flooding_00000004__d65abe58-2a8c-4583-a048-7a2a7a85503f,nepal-flooding_00000004,d65abe58-2a8c-4583-a048-7a2a7a85503f,challenge_train,major-damage,2,images/nepal-flooding_00000004_pre_disaster.png,images/nepal-flooding_00000004_post_disaster.png,labels/nepal-flooding_00000004_pre_disaster.json,labels/nepal-flooding_00000004_post_disaster.json,1024,1024,1024,1024,True,1.9767397126595267e-06,0.9999999998725946,nepal-flooding,flooding,2017-04-25T05:20:06.000Z,2017-08-24T05:16:36.085Z,1030010069B49000,105001000B78EC00,WORLDVIEW02,GEOEYE01,1.9265231,2.3406696,12.133798,34.13381,"POLYGON ((138.9051336433426 471.0167504934178, 151.6322768260326 479.3845645780606, 152.2678720912568 480.5676165409102, 152.1706967641152 484.4546296265738, 144.1051446113631 495.1439156121488, 129.9175468486909 484.648980280857, 132.4441053543722 480.859142522335, 133.9989105886377 477.1664800909545, 138.2746249828677 471.5303111167422, 138.9051336433426 471.0167504934178))",Polygon,False,305.02785133260244,129.9175468486909,471.0167504934178,152.2678720912568,495.1439156121488,22.3503252425659,24.127165118731,141.68792752622673,482.9225356419416,1.0,False,"POLYGON ((138.905135433099 471.0167513319087, 151.6322786168622 479.3845654158549, 152.2678738807124 480.5676173799851, 152.17069855158 484.4546304654203, 144.1051464029251 495.1439164501209, 129.9175486389664 484.6489811177694, 132.4441071441543 480.8591433604807, 133.9989123804482 477.1664809303524, 138.2746267735397 471.5303119550416, 138.905135433099 471.0167513319087))",Polygon,False,305.02785129374024,129.9175486389664,471.0167513319087,152.2678738807124,495.1439164501209,22.350325241745992,24.12716511821219,141.68792931652584,482.9225364799924,1.0,False,tier3
nepal-flooding_00000022__9b9b6dc1-21da-4998-82ba-e7d74678ce64,nepal-flooding_00000022,9b9b6dc1-21da-4998-82ba-e7d74678ce64,challenge_train,no-damage,0,images/nepal-flooding_00000022_pre_disaster.png,images/nepal-flooding_00000022_post_disaster.png,labels/nepal-flooding_00000022_pre_disaster.json,labels/nepal-flooding_00000022_post_disaster.json,1024,1024,1024,1024,True,1.8186651850059829e-06,1.0000000000135665,nepal-flooding,flooding,2017-04-25T05:20:06.000Z,2017-08-24T05:16:36.085Z,1030010069B49000,105001000B78EC00,WORLDVIEW02,GEOEYE01,1.9265231,2.3406696,12.133798,34.13381,"POLYGON ((686.0602073001311 580.7101347795924, 732.4475501684374 602.940490786768, 743.5627281720251 572.2625994968657, 714.2186582425535 559.368993012704, 707.2531466936384 573.5964208572963, 693.0257188490461 566.3345045616189, 686.0602073001311 580.7101347795924))",Polygon,False,1331.3005058993792,686.0602073001311,559.368993012704,743.5627281720251,602.940490786768,57.50252087189404,43.57149777406403,717.7341932956864,580.1138744925146,0.9999999999999998,False,"POLYGON ((686.0602089470184 580.7101355517408, 693.0257204970188 566.334505332827, 707.2531483421405 573.5964216284409, 714.2186598896777 559.3689937838119, 743.5627298177473 572.2626002697313, 732.4475518163476 602.9404915594664, 686.0602089470184 580.7101355517408))",Polygon,False,1331.3005059174402,686.0602089470184,559.3689937838119,743.5627298177473,602.9404915594664,57.50252087072886,43.57149777565451,717.7341949422873,580.1138752646858,0.9999999999999998,False,tier3
nepal-flooding_00000074__1b1444ed-5808-4363-92ba-6af78be6c6f9,nepal-flooding_00000074,1b1444ed-5808-4363-92ba-6af78be6c6f9,challenge_train,no-damage,0,images/nepal-flooding_00000074_pre_disaster.png,images/nepal-flooding_00000074_post_disaster.png,labels/nepal-flooding_00000074_pre_disaster.json,labels/nepal-flooding_00000074_post_disaster.json,1024,1024,1024,1024,True,1.85065906763394e-06,1.0000000000289757,nepal-flooding,flooding,2017-04-25T05:20:06.000Z,2017-08-24T05:16:36.085Z,1030010069B49000,105001000B78EC00,WORLDVIEW02,GEOEYE01,1.9265231,2.3406696,12.133798,34.13381,"POLYGON ((378.1350967074102 543.7028794559707, 381.1857584826641 529.6229020317214, 394.5617370357009 534.0815615494004, 403.7137223614629 521.8789144483843, 416.8550346240955 527.510905418084, 400.1937280054006 553.0895310721368, 378.1350967074102 543.7028794559707))",Polygon,False,620.5092421568605,378.1350967074102,521.8789144483843,416.8550346240955,553.0895310721368,38.719937916685296,31.210616623752458,397.1285714007072,537.6499865460675,1.0,False,"POLYGON ((378.1350983838264 543.7028802425439, 381.185760159293 529.6229028165554, 394.5617387129968 534.0815623336356, 403.7137240342238 521.878915234725, 416.8550363008608 527.5109062031498, 400.1937296809289 553.0895318572422, 378.1350983838264 543.7028802425439))",Polygon,False,620.5092421748401,378.1350983838264,521.878915234725,416.8550363008608,553.0895318572422,38.71993791703437,31.210616622517136,397.12857307649097,537.6499873313622,1.0,False,tier3
nepal-flooding_00000074__94ca2af3-2e3d-4628-a7c4-5ac09446a778,nepal-flooding_00000074,94ca2af3-2e3d-4628-a7c4-5ac09446a778,challenge_train,minor-damage,1,images/nepal-flooding_00000074_pre_disaster.png,images/nepal-flooding_00000074_post_disaster.png,labels/nepal-flooding_00000074_pre_disaster.json,labels/nepal-flooding_00000074_post_disaster.json,1024,1024,1024,1024,True,1.8496331377495823e-06,1.0000000001719709,nepal-flooding,flooding,2017-04-25T05:20:06.000Z,2017-08-24T05:16:36.085Z,1030010069B49000,105001000B78EC00,WORLDVIEW02,GEOEYE01,1.9265231,2.3406696,12.133798,34.13381,"POLYGON ((367.8646029805975 333.4104713542923, 352.3056104300552 333.6986008459689, 351.7293514467018 308.3432055784186, 368.5849267097892 308.1991408325802, 367.8646029805975 333.4104713542923))",Polygon,False,409.75907456407145,351.7293514467018,308.1991408325802,368.5849267097892,333.6986008459689,16.855575263087417,25.49946001338867,360.11298369214114,320.74435406553283,1.0,False,"POLYGON ((367.8646046555069 333.410472139698, 352.3056121029027 333.6986016320606, 351.7293531203944 308.3432063632666, 368.5849283869061 308.1991416190558, 367.8646046555069 333.410472139698))",Polygon,False,409.759074634538,351.7293531203944,308.1991416190558,368.5849283869061,333.6986016320606,16.855575266511664,25.499460013004807,360.1129853666696,320.7443548510882,1.0,False,tier3
nepal-flooding_00000075__5b698563-270a-4f3b-ab39-79ddba77242d,nepal-flooding_00000075,5b698563-270a-4f3b-ab39-79ddba77242d,challenge_train,no-damage,0,images/nepal-flooding_00000075_pre_disaster.png,images/nepal-flooding_00000075_post_disaster.png,labels/nepal-flooding_00000075_pre_disaster.json,labels/nepal-flooding_00000075_post_disaster.json,1024,1024,1024,1024,True,1.8762791288000864e-06,1.0000000000078784,nepal-flooding,flooding,2017-04-25T05:20:06.000Z,2017-08-24T05:16:36.085Z,1030010069B49000,105001000B78EC00,WORLDVIEW02,GEOEYE01,1.9265231,2.3406696,12.133798,34.13381,"POLYGON ((476.0116169484107 377.6906203033311, 466.0896617416461 404.6140876720581, 490.9396044634247 413.157920805654, 501.7444604013014 386.7666992911475, 476.0116169484107 377.6906203033311))",Polygon,False,765.502524668826,466.0896617416461,377.6906203033311,501.7444604013014,413.157920805654,35.654798659655285,35.46730050232287,483.7134646366476,395.4675754413984,1.0,False,"POLYGON ((476.011618647445 377.6906210989916, 501.7444620992833 386.766700089694, 490.9396061635192 413.1579216016247, 466.0896634404918 404.6140884714563, 476.011618647445 377.6906210989916))",Polygon,False,765.5025246748569,466.0896634404918,377.6906210989916,501.7444620992833,413.1579216016247,35.65479865879149,35.46730050263312,483.7134663351417,395.4675762386066,1.0,False,tier3
nepal-flooding_00000077__72dccc60-7412-4529-a96b-b5fb94a7eaa9,nepal-flooding_00000077,72dccc60-7412-4529-a96b-b5fb94a7eaa9,challenge_train,no-damage,0,images/nepal-flooding_00000077_pre_disaster.png,images/nepal-flooding_00000077_post_disaster.png,labels/nepal-flooding_00000077_pre_disaster.json,labels/nepal-flooding_00000077_post_disaster.json,1024,1024,1024,1024,True,1.8969159210945844e-06,1.000000000046589,nepal-flooding,flooding,2017-04-25T05:20:06.000Z,2017-08-24T05:16:36.085Z,1030010069B49000,105001000B78EC00,WORLDVIEW02,GEOEYE01,1.9265231,2.3406696,12.133798,34.13381,"POLYGON ((411.3159245090903 548.8524859419842, 409.8637341460745 558.6530264572837, 400.8477469092534 557.2060915279918, 402.3954962049685 547.9062584490302, 411.3159245090903 548.8524859419842))",Polygon,False,87.4428951585495,400.8477469092534,547.9062584490302,411.3159245090903,558.6530264572837,10.468177599836906,10.746768008253412,406.1407486663009,553.1745973504347,1.0,False,"POLYGON ((411.3159262269832 548.8524867466924, 409.8637358625563 558.6530272629196, 400.8477486274182 557.206092334676, 402.3954979220325 547.9062592545539, 411.3159262269832 548.8524867466924))",Polygon,False,87.44289516262337,400.8477486274182,547.9062592545539,411.3159262269832,558.6530272629196,10.468177599565024,10.746768008365734,406.1407503837394,553.1745981558506,1.0,False,tier3
nepal-flooding_00000114__3073883f-0599-4adb-bc0f-f3d4a1670fd8,nepal-flooding_00000114,3073883f-0599-4adb-bc0f-f3d4a1670fd8,challenge_train,no-damage,0,images/nepal-flooding_00000114_pre_disaster.png,images/nepal-flooding_00000114_post_disaster.png,labels/nepal-flooding_00000114_pre_disaster.json,labels/nepal-flooding_00000114_post_disaster.json,1024,1024,1024,1024,True,2.594067916164486e-06,1.000000000109149,nepal-flooding,flooding,2017-04-25T05:19:54.000Z,2017-08-24T05:16:36.085Z,1030010069512C00,105001000B78EC00,WORLDVIEW02,GEOEYE01,2.0194535,2.3406696,17.77315,34.13381,"POLYGON ((729.4966357338441 54.24866784741302, 714.9208650897162 46.38033148199889, 708.8583764147251 58.37631971123683, 715.3078324519497 62.63296069580513, 717.1136801423726 60.31115652240424, 723.3051579381083 64.43880838622805, 729.4966357338441 54.24866784741302))",Polygon,False,203.9343349157541,708.8583764147251,46.38033148199889,729.4966357338441,64.43880838622805,20.63825931911901,18.05847690422916,718.8745986043683,55.70610354331349,1.0,False,"POLYGON ((729.4966380763639 54.24866896327618, 723.3051602818456 64.43880950171373, 717.1136824851114 60.31115763870356, 715.3078347937509 62.6329618128163, 708.8583787573635 58.37632082628636, 714.9208674293468 46.38033259698165, 729.4966380763639 54.24866896327618))",Polygon,False,203.9343349380133,708.8583787573635,46.38033259698165,729.4966380763639,64.43880950171373,20.638259319000326,18.05847690473208,718.8746009462844,55.70610465893765,1.0,False,tier3
nepal-flooding_00000194__512cdabc-2388-44bf-8e6d-ed634ef25511,nepal-flooding_00000194,512cdabc-2388-44bf-8e6d-ed634ef25511,challenge_train,minor-damage,1,images/nepal-flooding_00000194_pre_disaster.png,images/nepal-flooding_00000194_post_disaster.png,labels/nepal-flooding_00000194_pre_disaster.json,labels/nepal-flooding_00000194_post_disaster.json,1024,1024,1024,1024,True,2.7904093996826064e-06,1.0000000000197768,nepal-flooding,flooding,2017-04-25T05:19:54.000Z,2017-08-24T05:17:02.085Z,1030010069512C00,105001000B78ED00,WORLDVIEW02,GEOEYE01,2.0194535,2.9729018,17.77315,42.261734,"POLYGON ((678.940763429139 645.083114138429, 687.8936963301999 649.1957788669619, 682.623853601484 664.4945506909868, 672.7167415476648 658.3984653187979, 678.940763429139 645.083114138429))",Polygon,False,164.25040942607404,672.7167415476648,645.083114138429,687.8936963301999,664.4945506909868,15.176954782535065,19.4114365525578,680.5369075151349,654.5106342452829,1.0,False,"POLYGON ((678.9407659455785 645.0831153438205, 687.8936988467194 649.1957800729966, 682.6238561179838 664.4945518967018, 672.7167440641487 658.3984665249251, 678.9407659455785 645.0831153438205))",Polygon,False,164.2504094293224,672.7167440641487,645.0831153438205,687.8936988467194,664.4945518967018,15.17695478257076,19.41143655288124,680.5369100315949,654.5106354510249,1.0,False,tier3
nepal-flooding_00000214__e04505cd-bfa6-4c72-9312-b56c841ef848,nepal-flooding_00000214,e04505cd-bfa6-4c72-9312-b56c841ef848,challenge_train,no-damage,0,images/nepal-flooding_00000214_pre_disaster.png,images/nepal-flooding_00000214_post_disaster.png,labels/nepal-flooding_00000214_pre_disaster.json,labels/nepal-flooding_00000214_post_disaster.json,1024,1024,1024,1024,True,2.995515919426892e-06,0.9999999998856236,nepal-flooding,flooding,2017-04-03T05:32:05.081Z,2017-08-24T05:17:02.085Z,1030010066860100,105001000B78ED00,WORLDVIEW02,GEOEYE01,2.2952862,2.9729018,27.15089,42.261734,"POLYGON ((931.9246159446839 283.1110341611779, 905.9993437170002 275.0208782887093, 908.7573514007963 264.3565819113643, 935.4180923441589 272.8144721416724, 932.4762174814431 282.9271669822582, 931.9246159446839 283.1110341611779))",Polygon,False,303.9430875300413,905.9993437170002,264.3565819113643,935.4180923441588,283.1110341611779,29.41874862715872,18.7544522498136,920.612245962564,273.8401546610842,1.0,False,"POLYGON ((931.9246186478559 283.1110354546165, 905.9993464190503 275.0208795827734, 908.7573541010439 264.3565832060292, 935.4180950458518 272.8144734369811, 932.4762201838116 282.9271682770311, 931.9246186478559 283.1110354546165))",Polygon,False,303.9430874952773,905.9993464190504,264.3565832060292,935.4180950458518,283.1110354546165,29.41874862680152,18.75445224858732,920.6122486640533,273.8401559553299,1.0,False,tier3
nepal-flooding_00000225__c7b5d7de-3db6-496f-92fc-7699f80a6f6a,nepal-flooding_00000225,c7b5d7de-3db6-496f-92fc-7699f80a6f6a,challenge_train,no-damage,0,images/nepal-flooding_00000225_pre_disaster.png,images/nepal-flooding_00000225_post_disaster.png,labels/nepal-flooding_00000225_pre_disaster.json,labels/nepal-flooding_00000225_post_disaster.json,1024,1024,1024,1024,True,2.9460867950928057e-06,1.0000000000711269,nepal-flooding,flooding,2017-04-03T05:32:05.081Z,2017-08-24T05:17:02.085Z,1030010066860100,105001000B78ED00,WORLDVIEW02,GEOEYE01,2.2952862,2.9729018,27.15089,42.261734,"POLYGON ((609.5348610520904 670.4604270289472, 605.0459830382126 686.1715000775196, 634.4730722403004 696.1467845528035, 643.201446156174 667.7172237982439, 628.4879015551301 662.978963672484, 624.9965519887807 674.9493050428249, 609.5348610520904 670.4604270289472))",Polygon,False,719.7104130931244,605.0459830382126,662.978963672484,643.201446156174,696.1467845528035,38.1554631179614,33.16782088031948,625.4366044766346,679.9457682276375,1.0,False,"POLYGON ((609.5348637071969 670.4604283025723, 624.9965546476195 674.9493063173045, 628.487904211898 662.9789649482951, 643.2014488125121 667.7172250729332, 634.4730748988625 696.146785827653, 605.0459856927118 686.1715013526582, 609.5348637071969 670.4604283025723))",Polygon,False,719.7104131443152,605.0459856927118,662.9789649482951,643.2014488125121,696.146785827653,38.15546311980029,33.16782087935792,625.4366071323975,679.945769502922,1.0,False,tier3
nepal-flooding_00000225__f93c6228-29e9-4ed1-a02b-032f52ebfdb8,nepal-flooding_00000225,f93c6228-29e9-4ed1-a02b-032f52ebfdb8,challenge_train,minor-damage,1,images/nepal-flooding_00000225_pre_disaster.png,images/nepal-flooding_00000225_post_disaster.png,labels/nepal-flooding_00000225_pre_disaster.json,labels/nepal-flooding_00000225_post_disaster.json,1024,1024,1024,1024,True,2.955482682019336e-06,1.00000000001448,nepal-flooding,flooding,2017-04-03T05:32:05.081Z,2017-08-24T05:17:02.085Z,1030010066860100,105001000B78ED00,WORLDVIEW02,GEOEYE01,2.2952862,2.9729018,27.15089,42.261734,"POLYGON ((836.5923647005219 492.270083537123, 833.713395265962 497.3082800476027, 841.5106041512283 501.6267341994424, 844.5095306455614 496.4685806291894, 836.5923647005219 492.270083537123))",Polygon,False,52.572755028197,833.713395265962,492.270083537123,844.5095306455614,501.6267341994424,10.796135379599376,9.356650662319396,839.1007811355583,496.9261368353792,1.0,False,"POLYGON ((836.5923673641405 492.2700848162399, 844.5095333101634 496.4685819066323, 841.510606816886 501.6267354778665, 833.7133979302299 497.3082813258922, 836.5923673641405 492.2700848162399))",Polygon,False,52.572755028958255,833.7133979302299,492.2700848162399,844.5095333101634,501.6267354778665,10.796135379933505,9.356650661626588,839.1007838002193,496.92613811383904,1.0,False,tier3
nepal-flooding_00000295__4cc45075-bca2-4b24-aa7f-28c6207b4d62,nepal-flooding_00000295,4cc45075-bca2-4b24-aa7f-28c6207b4d62,challenge_train,no-damage,0,images/nepal-flooding_00000295_pre_disaster.png,images/nepal-flooding_00000295_post_disaster.png,labels/nepal-flooding_00000295_pre_disaster.json,labels/nepal-flooding_00000295_post_disaster.json,1024,1024,1024,1024,True,2.904646153303472e-06,1.0000000000334577,nepal-flooding,flooding,2017-04-03T05:32:05.081Z,2017-08-24T05:17:02.085Z,1030010066860100,105001000B78ED00,WORLDVIEW02,GEOEYE01,2.2952862,2.9729018,27.15089,42.261734,"POLYGON ((703.7131602771016 508.237134839072, 699.0576243166848 519.3660434338534, 701.1541261351665 523.5590470708167, 705.3471297721298 525.9550491490816, 702.3521271742989 533.1430553838758, 703.2506279536482 536.7370585012729, 705.0476295123467 539.4325608393208, 748.1756669211123 552.6105722697769, 750.619067982184 546.3684657971388, 769.1406851059289 552.6105722697769, 772.5982200272133 541.8285629175855, 749.7888013008911 534.4983597343704, 748.6116353770082 537.2204259399757, 741.6074963211337 535.123924121494, 745.1806643232813 524.2054465731899, 730.1165821208208 518.5831757353675, 737.693157828704 497.8020247294707, 716.7489747591368 490.7978856735962, 709.676601605206 510.5857379345298, 703.7131602771016 508.237134839072))",Polygon,False,2019.60813192334,699.0576243166848,490.7978856735962,772.5982200272133,552.6105722697769,73.54059571052846,61.81268659618064,728.5480073833642,526.3173180120784,1.0,False,"POLYGON ((703.713162895696 508.2371360969916, 709.6766042233834 510.5857391925536, 716.7489773746075 490.7978869315936, 737.6931604482531 497.8020259867669, 730.1165847411784 518.5831769927012, 745.1806669417969 524.2054478310249, 741.6074989411837 535.1239253791296, 748.6116379968475 537.2204271973814, 749.7888039184047 534.4983609912584, 772.5982226477637 541.8285641759586, 769.140687724975 552.6105735275299, 750.619070602552 546.3684670547929, 748.1756695390175 552.6105735265457, 705.0476321305271 539.4325620954259, 703.2506305711121 536.7370597585171, 702.3521297896823 533.1430566406706, 705.347132386657 525.9550504069458, 701.154128754583 523.5590483273972, 699.0576269353476 519.366044691878, 703.713162895696 508.2371360969916))",Polygon,False,2019.6081319909104,699.0576269353476,490.7978869315936,772.5982226477637,552.6105735275299,73.54059571241612,61.81268659593633,728.5480100019677,526.3173192690132,1.0,False,tier3
nepal-flooding_00000307__619ca2ec-c0d4-4ff6-ad51-eac686196391,nepal-flooding_00000307,619ca2ec-c0d4-4ff6-ad51-eac686196391,challenge_train,minor-damage,1,images/nepal-flooding_00000307_pre_disaster.png,images/nepal-flooding_00000307_post_disaster.png,labels/nepal-flooding_00000307_pre_disaster.json,labels/nepal-flooding_00000307_post_disaster.json,1024,1024,1024,1024,True,2.955348847218632e-06,1.000000000178768,nepal-flooding,flooding,2017-04-03T05:32:05.081Z,2017-08-24T05:17:02.085Z,1030010066860100,105001000B78ED00,WORLDVIEW02,GEOEYE01,2.2952862,2.9729018,27.15089,42.261734,"POLYGON ((727.6044597303729 328.782645043118, 729.1065042131422 320.8969115085792, 737.3677488683734 322.2112004310023, 737.3677488683734 323.7132449137716, 738.6820377907965 323.7132449137716, 736.992237747681 332.1622451293489, 728.1677264114114 330.0969339655411, 727.6044597303729 328.782645043118))",Polygon,False,91.95523442509078,727.6044597303729,320.8969115085792,738.6820377907965,332.1622451293489,11.077578060423548,11.265333620769695,733.0877594407724,326.4203871420251,1.0,False,"POLYGON ((727.6044623944972 328.7826463209462, 729.1065068766538 320.8969127882076, 737.367751533805 322.2112017090185, 737.3677515330668 323.7132461919136, 738.6820404573219 323.7132461919136, 736.9922404088986 332.1622464099204, 728.1677290726303 330.0969352437254, 727.6044623944972 328.7826463209462))",Polygon,False,91.9552344415294,727.6044623944972,320.8969127882076,738.6820404573219,332.1622464099204,11.077578062824728,11.265333621712784,733.0877621050281,326.42038842102016,1.0,False,tier3
nepal-flooding_00000307__ef08b588-a31b-4003-9ac9-7ade82b488a8,nepal-flooding_00000307,ef08b588-a31b-4003-9ac9-7ade82b488a8,challenge_train,minor-damage,1,images/nepal-flooding_00000307_pre_disaster.png,images/nepal-flooding_00000307_post_disaster.png,labels/nepal-flooding_00000307_pre_disaster.json,labels/nepal-flooding_00000307_post_disaster.json,1024,1024,1024,1024,True,2.9507661757636493e-06,0.9999999999985834,nepal-flooding,flooding,2017-04-03T05:32:05.081Z,2017-08-24T05:17:02.085Z,1030010066860100,105001000B78ED00,WORLDVIEW02,GEOEYE01,2.2952862,2.9729018,27.15089,42.261734,"POLYGON ((659.6082776248704 808.9679907597681, 666.3366261395703 810.4971608767453, 666.3366261395703 812.3321650171181, 663.2782859056158 815.3905052510726, 663.2782859056158 818.4488454850272, 662.054949812034 821.5071857189815, 660.2199456716612 824.5655259529361, 659.6082776248704 830.3763723974497, 658.9966095780795 831.2938744676361, 634.8357217298388 827.3180321634951, 628.107373215139 851.1730859883403, 619.26 847.54, 623.2794626299345 839.9981839976324, 612.2443842294723 837.2394143975168, 617.9410603993884 824.0471116882374, 622.76 811.12, 631.4715474724889 814.7788372042818, 634.5298877064434 802.8513102918591, 659.6082776248704 808.9679907597681))",Polygon,False,1191.0364388240316,612.2443842294723,802.8513102918591,666.3366261395703,851.1730859883403,54.09224191009798,48.321775696481154,637.9187003012316,822.8984549880186,1.0,False,"POLYGON ((659.6082802870029 808.9679920370984, 666.3366288026106 810.4971621543941, 666.3366287991661 812.3321662941648, 663.2782885675277 815.3905065297405, 663.2782885640833 818.4488467623636, 662.0549524749216 821.5071869949868, 660.2199483297385 824.5655272305625, 659.6082802855267 830.3763736743178, 658.9966122398387 831.2938757446954, 634.8357243895239 827.3180334397264, 628.1073758766225 851.1730872646191, 619.260002659757 847.5400012761178, 623.2794652904392 839.9981852752629, 612.2443868875682 837.2394156745446, 617.9410630599758 824.0471129653456, 622.760002661463 811.1200012774934, 631.4715501329503 814.778838481838, 634.5298903645886 802.8513115688996, 659.6082802870029 808.9679920370984))",Polygon,False,1191.0364388223445,612.2443868875682,802.8513115688996,666.3366288026106,851.1730872646191,54.09224191504234,48.32177569571945,637.9187029613412,822.8984562650613,1.0,False,tier3
nepal-flooding_00000359__c2560118-4025-4c97-bf77-ceab14d6616c,nepal-flooding_00000359,c2560118-4025-4c97-bf77-ceab14d6616c,challenge_train,no-damage,0,images/nepal-flooding_00000359_pre_disaster.png,images/nepal-flooding_00000359_post_disaster.png,labels/nepal-flooding_00000359_pre_disaster.json,labels/nepal-flooding_00000359_post_disaster.json,1024,1024,1024,1024,True,3.2316080825163208e-06,1.0000000002334042,nepal-flooding,flooding,2017-04-03T05:32:05.081Z,2017-08-24T05:17:02.085Z,1030010066860100,105001000B78ED00,WORLDVIEW02,GEOEYE01,2.2952862,2.9729018,27.15089,42.261734,"POLYGON ((582.8138009830002 451.1233083096266, 573.4399610719561 468.6908989254688, 592.8510395270325 478.7872412064173, 601.7594932626882 460.5470286554702, 582.8138009830002 451.1233083096266))",Polygon,False,432.5858033822736,573.4399610719561,451.1233083096266,601.7594932626882,478.7872412064173,28.31953219073216,27.663932896790698,587.7214512276388,464.85277730805103,1.0,False,"POLYGON ((582.8138038924549 451.1233097098813, 601.7594961770474 460.547030057408, 592.8510424401425 478.7872426093446, 573.4399639821593 468.6909003255644, 582.8138038924549 451.1233097098813))",Polygon,False,432.5858034832409,573.4399639821593,451.1233097098813,601.7594961770474,478.7872426093446,28.319532194888097,27.663932899463305,587.721454139628,464.8527787093396,1.0,False,tier3
nepal-flooding_00000364__4c2a4a13-5a51-4c2a-ba6d-35e74576950c,nepal-flooding_00000364,4c2a4a13-5a51-4c2a-ba6d-35e74576950c,challenge_train,no-damage,0,images/nepal-flooding_00000364_pre_disaster.png,images/nepal-flooding_00000364_post_disaster.png,labels/nepal-flooding_00000364_pre_disaster.json,labels/nepal-flooding_00000364_post_disaster.json,1024,1024,1024,1024,True,3.2765949114424955e-06,0.9999999999237608,nepal-flooding,flooding,2017-04-03T05:32:05.081Z,2017-08-24T05:17:02.085Z,1030010066860100,105001000B78ED00,WORLDVIEW02,GEOEYE01,2.2952862,2.9729018,27.15089,42.261734,"POLYGON ((874.6008373610136 694.7301067005876, 871.0530257413382 702.8058063145103, 863.31 699.6, 866.96 691.65, 874.6008373610136 694.7301067005876))",Polygon,False,72.94549668008526,863.31,691.65,874.6008373610136,702.8058063145103,11.2908373610137,11.1558063145103,868.9814133021254,697.210433134972,1.0,False,"POLYGON ((874.6008403130252 694.7301081210964, 871.0530286923356 702.8058077366105, 863.3100029538987 699.6000014218862, 866.9600029505941 691.650001421894, 874.6008403130252 694.7301081210964))",Polygon,False,72.94549667452395,863.3100029538987,691.650001421894,874.6008403130252,702.8058077366105,11.2908373591265,11.155806314716529,868.9814162543481,697.2104345563992,1.0,False,tier3
nepal-flooding_00000374__2fef3293-8896-4ca3-bce4-756458986f8e,nepal-flooding_00000374,2fef3293-8896-4ca3-bce4-756458986f8e,challenge_train,no-damage,0,images/nepal-flooding_00000374_pre_disaster.png,images/nepal-flooding_00000374_post_disaster.png,labels/nepal-flooding_00000374_pre_disaster.json,labels/nepal-flooding_00000374_post_disaster.json,1024,1024,1024,1024,True,0.7885095613250751,1.0019540787404742,nepal-flooding,flooding,2017-04-25T05:19:54.000Z,2017-08-24T05:16:36.085Z,1030010069512C00,105001000B78EC00,WORLDVIEW02,GEOEYE01,2.0194535,2.3406696,17.77315,34.13381,"POLYGON ((709.3144405385397 334.168183934384, 711.8980894709605 329.5750302767469, 754.6718329077058 348.8088612181022, 748.0691745248525 362.8753942946158, 743.7630929708178 362.5883221910135, 739.7440835203854 370.9134131954807, 714.4817384033813 358.2822406369787, 714.4817384033813 359.430529051388, 713.6205220925744 359.7176011549903, 709.3144405385397 356.5598080153648, 702.7117821556864 351.1054380469208, 703.2859263628909 347.9476449072953, 708.740296331335 335.3164723487933, 709.3144405385397 334.168183934384))",Polygon,False,1161.9041262072394,702.7117821556864,329.5750302767469,754.6718329077058,370.9134131954807,51.96005075201947,41.33838291873383,727.5006452851366,350.2693270559054,0.9999999999999998,False,"POLYGON ((710.0071323576356 334.4945209649678, 712.593304384387 329.8968818047659, 755.4088190547811 349.1494957857698, 748.7997127611267 363.2297657098214, 744.4894260532426 362.9424132644037, 740.466491788065 371.2756342386959, 715.1794764069487 358.6321265506054, 715.1794764106456 359.7815363401629, 714.3174190687238 360.0688887875523, 710.0071323551708 356.9080118652832, 703.3980260639811 351.448315363899, 703.9727309565418 348.2874384426158, 709.4324274586667 335.6439307555112, 710.0071323576356 334.4945209649678))",Polygon,False,1164.17457835873,703.3980260639811,329.8968818047659,755.4088190547811,371.2756342386959,52.01079299080004,41.37875243393,728.211097067801,350.6113878587022,0.9999999999999996,False,tier3
nepal-flooding_00000383__65d84e71-be41-4c49-b082-bad3954c7d0c,nepal-flooding_00000383,65d84e71-be41-4c49-b082-bad3954c7d0c,challenge_train,no-damage,0,images/nepal-flooding_00000383_pre_disaster.png,images/nepal-flooding_00000383_post_disaster.png,labels/nepal-flooding_00000383_pre_disaster.json,labels/nepal-flooding_00000383_post_disaster.json,1024,1024,1024,1024,True,0.4823936686075558,1.0019540786166756,nepal-flooding,flooding,2017-04-25T05:19:54.000Z,2017-08-24T05:16:36.085Z,1030010069512C00,105001000B78EC00,WORLDVIEW02,GEOEYE01,2.0194535,2.3406696,17.77315,34.13381,"POLYGON ((371.3626554702029 291.6974511836592, 410.1348766773264 303.5053549149195, 405.5527050801209 318.3092939212757, 366.6042465038742 305.0914912370291, 370.8339433628331 293.8122996131386, 371.3626554702029 291.6974511836592))",Polygon,False,604.8393206999127,366.6042465038742,291.6974511836592,410.1348766773264,318.3092939212757,43.53063017345221,26.611842737616485,388.7356967197495,304.7783558302167,1.0,False,"POLYGON ((371.7253163040775 291.9823129197535, 410.5354010097575 303.8017478067499, 405.9487546371953 318.6201437856687, 366.9622604567377 305.3894330886211, 371.1960878775264 294.0992266308868, 371.7253163040775 291.9823129197535))",Polygon,False,606.021224283017,366.9622604567377,291.9823129197535,410.5354010097575,318.6201437856687,43.57314055301981,26.63783086591519,389.11532341678463,305.0759918871904,0.9999999999999998,False,tier3
nepal-flooding_00000418__d4557c39-147d-4e66-abd6-fb479b222cfb,nepal-flooding_00000418,d4557c39-147d-4e66-abd6-fb479b222cfb,challenge_train,no-damage,0,images/nepal-flooding_00000418_pre_disaster.png,images/nepal-flooding_00000418_post_disaster.png,labels/nepal-flooding_00000418_pre_disaster.json,labels/nepal-flooding_00000418_post_disaster.json,1024,1024,1024,1024,True,0.2714784328672122,1.001954078591604,nepal-flooding,flooding,2017-04-25T05:19:54.000Z,2017-08-24T05:16:36.085Z,1030010069512C00,105001000B78EC00,WORLDVIEW02,GEOEYE01,2.0194535,2.3406696,17.77315,34.13381,"POLYGON ((24.69491514326145 279.4026978859662, 25.53461456167474 272.7160261795574, 36.09083582172742 273.0758973588775, 35.295653112752 280.0643304666279, 24.69491514326145 279.4026978859662))",Polygon,False,72.74841831328763,24.69491514326145,272.7160261795574,36.09083582172742,280.0643304666279,11.395920678465966,7.348304287070505,30.441894828093485,276.3209084183153,1.0,False,"POLYGON ((24.71903328412095 279.675553035545, 25.55955272188451 272.982351374915, 36.12608279032391 273.3425739900078, 35.33012353474815 280.3378317393813, 24.71903328412095 279.675553035545))",Polygon,False,72.89057444008667,24.71903328412095,272.982351374915,36.12608279032391,280.3378317393813,11.407049506202965,7.355480364466246,30.47162525293777,276.59075400629223,1.0,False,tier3
nepal-flooding_00000434__58b3d155-82c7-4a67-8898-3a9f6f380823,nepal-flooding_00000434,58b3d155-82c7-4a67-8898-3a9f6f380823,challenge_train,no-damage,0,images/nepal-flooding_00000434_pre_disaster.png,images/nepal-flooding_00000434_post_disaster.png,labels/nepal-flooding_00000434_pre_disaster.json,labels/nepal-flooding_00000434_post_disaster.json,1024,1024,1024,1024,True,1.1246844471071995,1.0019540788039842,nepal-flooding,flooding,2017-04-25T05:19:54.000Z,2017-08-24T05:16:36.085Z,1030010069512C00,105001000B78EC00,WORLDVIEW02,GEOEYE01,2.0194535,2.3406696,17.77315,34.13381,"POLYGON ((931.0019996357639 690.7354477642843, 935.1441413739387 675.4095233330376, 924.7887870285017 672.5100241163152, 920.646645290327 689.4928052428319, 930.173571288129 691.9780902857367, 931.0019996357639 690.7354477642843))",Polygon,False,182.8114382986268,920.646645290327,672.5100241163152,935.1441413739389,691.9780902857367,14.497496083611736,19.46806616942149,927.803745287574,682.3008472406555,1.0,False,"POLYGON ((931.9111833796698 691.4099950968068, 931.0819460196393 692.6538511345108, 921.5457163796591 690.1661390551594, 925.6919031812901 673.1667731825498, 936.0573701763714 676.0691039408072, 931.9111833796698 691.4099950968068))",Polygon,False,183.168666255332,921.5457163796592,673.1667731825498,936.0573701763714,692.6538511345108,14.511653796712269,19.48707795196094,928.7098057345826,682.9671576577522,1.0,False,tier3
nepal-flooding_00000448__7547c179-f3e1-460e-b48e-4870d7b5e915,nepal-flooding_00000448,7547c179-f3e1-460e-b48e-4870d7b5e915,challenge_train,no-damage,0,images/nepal-flooding_00000448_pre_disaster.png,images/nepal-flooding_00000448_post_disaster.png,labels/nepal-flooding_00000448_pre_disaster.json,labels/nepal-flooding_00000448_post_disaster.json,1024,1024,1024,1024,True,0.4649309912685981,1.0019540786310173,nepal-flooding,flooding,2017-04-25T05:19:54.000Z,2017-08-24T05:16:36.085Z,1030010069512C00,105001000B78EC00,WORLDVIEW02,GEOEYE01,2.0194535,2.3406696,17.77315,34.13381,"POLYGON ((290.2932804377935 343.4727839129868, 318.9987066926063 345.8321340161221, 313.4935564519573 392.6259110616389, 284.001680162766 391.0530109928821, 290.2932804377935 343.4727839129868))",Polygon,False,1384.6750611546836,284.001680162766,343.4727839129868,318.9987066926063,392.6259110616389,34.9970265298403,49.15312714865206,301.64249506986425,368.33528274548496,1.0,False,"POLYGON ((290.5767719980174 343.8082075161682, 319.310230893415 346.169861672069, 313.7997045321923 393.0093357662371, 284.2790275834316 391.4348996619748, 290.5767719980174 343.8082075161682))",Polygon,False,1387.3808251025885,284.2790275834316,343.8082075161682,319.310230893415,393.0093357662371,35.03120330998337,49.201128250068905,301.9370698473866,368.6949861331388,1.0,False,tier3
nepal-flooding_00000455__70fb8397-732e-471f-9231-3f4867738129,nepal-flooding_00000455,70fb8397-732e-471f-9231-3f4867738129,challenge_train,no-damage,0,images/nepal-flooding_00000455_pre_disaster.png,images/nepal-flooding_00000455_post_disaster.png,labels/nepal-flooding_00000455_pre_disaster.json,labels/nepal-flooding_00000455_post_disaster.json,1024,1024,1024,1024,True,0.8705653786622117,1.0019540786688728,nepal-flooding,flooding,2017-04-25T05:19:54.000Z,2017-08-24T05:16:36.085Z,1030010069512C00,105001000B78EC00,WORLDVIEW02,GEOEYE01,2.0194535,2.3406696,17.77315,34.13381,"POLYGON ((325.3339360407466 806.9962391082815, 325.1727679511046 826.4479802496742, 326.5298213262097 862.9329892667702, 270.82 857.13, 271.9901785849717 838.0005811564898, 289.1312091607894 839.5588566633824, 290.8913380965844 811.8817509176338, 310.9470662572846 813.8473107996559, 312.4596155912559 806.9995387095071, 325.3339360407466 806.9962391082815))",Polygon,False,2156.869712078952,270.82,806.9962391082815,326.5298213262097,862.9329892667702,55.70982132620969,55.93675015848862,303.8537130074196,838.0746310230622,0.9999999999999996,False,"POLYGON ((325.6516469733298 807.7843223275509, 325.490321494203 827.2550593098085, 326.8487001151973 863.775698218733, 271.0844746676588 857.9670419689892, 272.2557960030386 838.8189420528372, 289.4135658673386 840.3787393141913, 291.1754136809331 812.6746051441738, 311.2507275127441 814.6420845200823, 312.7647539439784 807.7876251512074, 325.6516469733298 807.7843223275509))",Polygon,False,2161.084405174863,271.0844746676588,807.7843223275509,326.8487001151973,863.775698218733,55.76422544753848,55.9913758911822,304.15044716013125,838.8930642342284,1.0,False,tier3
nepal-flooding_00000463__12c197c7-1b56-4857-825d-0669841054c0,nepal-flooding_00000463,12c197c7-1b56-4857-825d-0669841054c0,challenge_train,no-damage,0,images/nepal-flooding_00000463_pre_disaster.png,images/nepal-flooding_00000463_post_disaster.png,labels/nepal-flooding_00000463_pre_disaster.json,labels/nepal-flooding_00000463_post_disaster.json,1024,1024,1024,1024,True,1.2959103682847806,1.0019540785757062,nepal-flooding,flooding,2017-04-25T05:19:54.000Z,2017-08-24T05:16:36.085Z,1030010069512C00,105001000B78EC00,WORLDVIEW02,GEOEYE01,2.0194535,2.3406696,17.77315,34.13381,"POLYGON ((933.6854646487631 943.8401858595051, 931.301518870865 956.8485957748884, 921.16 953.78, 922.883671409414 942.2725310058108, 933.6854646487631 943.8401858595051))",Polygon,False,133.12191160651096,921.16,942.2725310058108,933.6854646487632,956.8485957748884,12.52546464876309,14.57606476907756,927.3771694779928,949.1719061638196,0.9999999999999998,False,"POLYGON ((934.5972688819015 944.7619057496601, 932.2109950300015 957.7830191907597, 922.059572333393 954.7114267388915, 923.784927018442 943.1927199824147, 934.5972688819015 944.7619057496601))",Polygon,False,133.3820422819383,922.059572333393,943.1927199824148,934.5972688819016,957.7830191907595,12.537696548508508,14.59029920834496,928.2828132665088,950.0988328119156,1.0,False,tier3
nepal-flooding_00000484__ef94e24c-4d5f-4995-a40e-b88d2b01210c,nepal-flooding_00000484,ef94e24c-4d5f-4995-a40e-b88d2b01210c,challenge_train,minor-damage,1,images/nepal-flooding_00000484_pre_disaster.png,images/nepal-flooding_00000484_post_disaster.png,labels/nepal-flooding_00000484_pre_disaster.json,labels/nepal-flooding_00000484_post_disaster.json,1024,1024,1024,1024,True,0.3813541352759302,1.001954078678747,nepal-flooding,flooding,2017-04-25T05:19:54.000Z,2017-08-24T05:16:36.085Z,1030010069512C00,105001000B78EC00,WORLDVIEW02,GEOEYE01,2.0194535,2.3406696,17.77315,34.13381,"POLYGON ((202.6759625275646 316.6318846206981, 204.46176293608 338.8134054843633, 221.1918930790139 337.5915420469581, 220.6279561079037 322.2712543317995, 212.8268280075469 323.1171597884647, 212.1689015412518 315.785979164033, 202.6759625275646 316.6318846206981))",Polygon,False,328.0515259926973,202.6759625275646,315.785979164033,221.1918930790139,338.8134054843633,18.51593055144932,23.02742632033028,211.41797352195428,328.3235572995327,1.0,False,"POLYGON ((202.8738902876032 316.9410963988255, 212.3760997469802 316.0943648639422, 213.0346687205007 323.4327048411466, 220.8434151128218 322.5859733052774, 221.4079028020869 337.9212222393681, 204.6614346411327 339.1442789043716, 202.8738902876032 316.9410963988255))",Polygon,False,328.69256448517007,202.8738902876032,316.0943648639422,221.4079028020869,339.1442789043716,18.53401251448372,23.049914040429428,211.6244384021744,328.6441867269528,1.0,False,tier3
nepal-flooding_00000509__fb3854f1-6a28-4014-9cfb-42fc75836128,nepal-flooding_00000509,fb3854f1-6a28-4014-9cfb-42fc75836128,challenge_train,minor-damage,1,images/nepal-flooding_00000509_pre_disaster.png,images/nepal-flooding_00000509_post_disaster.png,labels/nepal-flooding_00000509_pre_disaster.json,labels/nepal-flooding_00000509_post_disaster.json,1024,1024,1024,1024,True,0.6103751826138167,1.001954078626402,nepal-flooding,flooding,2017-04-25T05:19:54.000Z,2017-08-24T05:16:36.085Z,1030010069512C00,105001000B78EC00,WORLDVIEW02,GEOEYE01,2.0194535,2.3406696,17.77315,34.13381,"POLYGON ((401.7243548243855 466.8228487517541, 401.3682943239463 478.6958178939761, 413.0189245847393 480.9843345523462, 414.5792768518098 470.0618686828528, 402.8246231065454 466.421046726355, 401.7243548243855 466.8228487517541))",Polygon,False,146.66640387751576,401.3682943239463,466.421046726355,414.5792768518098,480.9843345523462,13.210982527863507,14.56328782599121,407.584188972757,473.84373176640895,0.9999999999999998,False,"POLYGON ((402.1166656838317 467.278731345941, 403.2180084442738 466.876536935708, 414.9841413467772 470.5209143828247, 413.4222652969915 481.454046721217, 401.7602574682365 479.1632951855082, 402.1166656838317 467.278731345941))",Polygon,False,146.95300156254407,401.7602574682365,466.876536935708,414.9841413467772,481.454046721217,13.223883878540732,14.57750978550905,407.98222232641257,474.30647069164496,1.0,False,tier3
nepal-flooding_00000564__4840d44d-e77e-4d6a-b538-308ccf29fe32,nepal-flooding_00000564,4840d44d-e77e-4d6a-b538-308ccf29fe32,challenge_train,no-damage,0,images/nepal-flooding_00000564_pre_disaster.png,images/nepal-flooding_00000564_post_disaster.png,labels/nepal-flooding_00000564_pre_disaster.json,labels/nepal-flooding_00000564_post_disaster.json,1024,1024,1024,1024,True,2.015089599097745e-06,1.000000000003466,nepal-flooding,flooding,2017-04-25T05:20:06.000Z,2017-08-24T05:16:36.085Z,1030010069B49000,105001000B78EC00,WORLDVIEW02,GEOEYE01,1.9265231,2.3406696,12.133798,34.13381,"POLYGON ((651.7924924353641 191.5343908483428, 657.6991470147367 181.7379881313347, 652.5128161645558 176.8397867728306, 656.9788232855449 163.2977006640252, 668.6480676984517 168.484031514206, 672.6818805819256 164.1620891390554, 689.5374558450131 172.3737796518416, 678.8766646529748 180.4414054187895, 692.9950097451336 185.4836715231319, 695.5881751702241 190.5259376274743, 690.5459090658816 196.1444627151702, 685.6477077073775 193.8394267817565, 686.5120961824076 197.5851101735537, 681.1817005863885 207.6696423822386, 669.8005856651585 200.8985993278359, 666.775226002553 204.7883474654715, 651.7924924353641 191.5343908483428))",Polygon,False,1183.4509542986432,651.7924924353641,163.2977006640252,695.5881751702241,207.6696423822386,43.79568273485995,44.37194171821341,671.7449784317528,184.90677669869595,0.9999999999999998,False,"POLYGON ((651.7924942550071 191.5343917102759, 657.6991488352758 181.7379889913782, 652.5128179890149 176.8397876343909, 656.9788251076677 163.2977015244504, 668.6480695211079 168.4840323746469, 672.6818824016698 164.1620900001395, 689.5374576670322 172.3737805147558, 678.8766664753938 180.4414062812906, 692.9950115697904 185.4836723853748, 695.5881769907055 190.5259384874899, 690.5459108908033 196.1444635770079, 685.6477095323365 193.839427642165, 686.5120980028571 197.5851110351771, 681.1817024112224 207.6696432433455, 669.8005874882838 200.8986001888676, 666.775227826324 204.7883483260227, 651.7924942550071 191.5343917102759))",Polygon,False,1183.450954302745,651.7924942550071,163.2977015244504,695.5881769907055,207.6696432433455,43.79568273569839,44.3719417188951,671.7449802534958,184.9067775599964,1.0,False,tier3
nepal-flooding_00000618__6fc5d8c6-abdd-4631-912c-f544dc77c772,nepal-flooding_00000618,6fc5d8c6-abdd-4631-912c-f544dc77c772,challenge_train,minor-damage,1,images/nepal-flooding_00000618_pre_disaster.png,images/nepal-flooding_00000618_post_disaster.png,labels/nepal-flooding_00000618_pre_disaster.json,labels/nepal-flooding_00000618_post_disaster.json,1024,1024,1024,1024,True,2.021177280726636e-06,1.000000000047895,nepal-flooding,flooding,2017-04-25T05:20:06.000Z,2017-08-24T05:16:36.085Z,1030010069B49000,105001000B78EC00,WORLDVIEW02,GEOEYE01,1.9265231,2.3406696,12.133798,34.13381,"POLYGON ((81.87774010311975 962.4641629087582, 81.04616883135522 968.5623522350317, 81.60054967919825 972.7202085938543, 81.94703770910014 974.8684343792461, 82.01633531508052 975.6307080450302, 79.72951431772802 974.2447559254226, 79.52162149978689 972.0272325340505, 79.52162149978689 970.2254947785607, 72.79975371969013 967.6614833572867, 67.74102848312246 982.5604686430681, 92.75746424203926 994.1331688417914, 99.8951176580183 968.7009474469924, 81.87774010311975 962.4641629087582))",Polygon,False,595.1218607418575,67.74102848312246,962.4641629087582,99.8951176580183,994.1331688417914,32.15408917489583,31.66900593303319,84.8457199002026,977.8123289600488,1.0,False,"POLYGON ((81.87774192922261 962.4641637717493, 99.89511948630341 968.7009483113607, 92.75746606949963 994.1331697058022, 67.74103031033049 982.5604695062302, 72.79975554652438 967.6614842194563, 79.52162332828924 970.2254956431999, 79.52162332779695 972.0272333965934, 79.72951614199344 974.2447567887177, 82.01633714295347 975.6307089083031, 81.94703953707263 974.8684352438603, 81.60055150717609 972.7202094568784, 81.04617065816016 968.5623530981221, 81.87774192922261 962.4641637717493))",Polygon,False,595.1218607703609,67.74103031033049,962.4641637717492,99.8951194863034,994.1331697058022,32.15408917597293,31.669005934052848,84.84572172764938,977.8123298235276,1.0,False,tier3
santa-rosa-wildfire_00000000__0007d2df-182f-406c-8c17-555d6ede7c1a,santa-rosa-wildfire_00000000,0007d2df-182f-406c-8c17-555d6ede7c1a,challenge_train,no-damage,0,images/santa-rosa-wildfire_00000000_pre_disaster.png,images/santa-rosa-wildfire_00000000_post_disaster.png,labels/santa-rosa-wildfire_00000000_pre_disaster.json,labels/santa-rosa-wildfire_00000000_post_disaster.json,1024,1024,1024,1024,True,3.0866544310324103e-09,0.999999999813174,santa-rosa-wildfire,fire,2017-06-21T19:09:01.000Z,2017-10-11T19:19:41.000Z,105001000A632800,105001000C5D4200,GEOEYE01,GEOEYE01,1.6719055,1.8769937,5.672477199999999,21.352135,"POLYGON ((887.7792805420636 151.8083362387556, 888.4784684262975 161.4221696469712, 888.8280623684144 162.2961545022636, 895.6451442396947 162.2961545022636, 895.4703472686361 157.2270423415681, 897.5679109213378 157.0522453705096, 896.8687230371039 145.3408483095923, 887.7792805420636 146.2148331648847, 887.7792805420636 151.8083362387556))",Polygon,False,143.4051102516157,887.7792805420636,145.3408483095923,897.5679109213378,162.2961545022636,9.788630379274196,16.955306192671287,892.4434442140031,153.60578241169267,1.0,False,"POLYGON ((887.7792805438271 151.8083362359864, 887.779280543957 146.2148331667122, 896.8687230355525 145.3408483138273, 897.5679109222001 157.052245369928, 895.4703472704434 157.2270423438314, 895.6451442401888 162.2961545017905, 888.8280623669767 162.2961545038695, 888.4784684237179 161.4221696468266, 887.7792805438271 151.8083362359864))",Polygon,False,143.4051102248239,887.7792805438271,145.3408483138273,897.5679109222001,162.2961545038695,9.788630378373,16.955306190042194,892.4434442140825,153.6057824147783,1.0,False,test
santa-rosa-wildfire_00000004__170606c9-06ee-4cc1-b73f-07389cc0fe18,santa-rosa-wildfire_00000004,170606c9-06ee-4cc1-b73f-07389cc0fe18,challenge_train,destroyed,3,images/santa-rosa-wildfire_00000004_pre_disaster.png,images/santa-rosa-wildfire_00000004_post_disaster.png,labels/santa-rosa-wildfire_00000004_pre_disaster.json,labels/santa-rosa-wildfire_00000004_post_disaster.json,1024,1024,1024,1024,True,2.9260122643317596e-09,1.000000000009397,santa-rosa-wildfire,fire,2017-06-21T19:09:01.000Z,2017-10-11T19:19:41.000Z,105001000A632800,105001000C5D4200,GEOEYE01,GEOEYE01,1.6719055,1.8769937,5.672477199999999,21.352135,"POLYGON ((780.3389681972491 866.7066641198223, 784.0635617118734 868.4581537932304, 783.496117841878 870.7279292732119, 793.2629835406174 875.6710616354754, 780.5530946784188 903.2685879160842, 781.7874044953065 904.6074139189941, 782.4269908736924 911.0083718119782, 798.9272340223205 918.6089648002168, 809.8751380283948 923.4495750559942, 809.9 923.39, 814.28 926.05, 812.6873788538668 931.4034854330582, 816.0670635493345 930.1964551846769, 817.7569058970682 929.230830985972, 817.9983119467445 932.8519217311157, 821.1365905925358 931.6448914827346, 821.8608087415646 952.8465539794845, 817.7569058970682 953.6128420032735, 781.3443612267126 952.6148441269368, 782.0288105449829 939.611291122051, 765.1303870676451 932.127703582087, 749.2503120112739 921.574121069019, 753.8333965219385 909.7120199825932, 744.3694667954873 908.9527228131666, 750.6460240870699 894.4683598325914, 745.5764970438686 891.0886751371239, 754.7499269315662 872.2590032623762, 759.3241526131625 874.085735473764, 763.6495770919558 865.5643812267045, 770.1999141108464 862.1199491759735, 780.3389681972491 866.7066641198223))",Polygon,False,3531.998208790477,744.3694667954873,862.1199491759735,821.8608087415646,953.6128420032736,77.49134194607734,91.4928928273,779.7040962366528,912.222248527927,1.0,False,"POLYGON ((780.3389681982596 866.7066641205031, 784.0635617113371 868.4581537962675, 783.4961178402341 870.7279292780808, 793.2629835395207 875.671061637398, 780.553094677382 903.2685879160229, 781.7874044949825 904.6074139196331, 782.4269908729469 911.0083718143147, 798.9272340225622 918.6089648001382, 809.8751380302111 923.449575058581, 809.9000000008579 923.3899999992138, 814.2800000019425 926.050000002101, 812.6873788544949 931.4034854350853, 816.0670635510518 930.1964551853673, 817.7569058958202 929.2308309864248, 817.9983119460757 932.8519217355789, 821.136590594717 931.6448914837808, 821.8608087436634 952.8465539811984, 817.7569058966002 953.612842006601, 781.3443612272554 952.6148441299409, 782.028810542508 939.6112911198559, 765.1303870685639 932.1277035811721, 749.2503120102148 921.5741210712495, 753.8333965227275 909.7120199835518, 744.3694667935221 908.9527228148739, 750.6460240889846 894.4683598348977, 745.5764970449294 891.0886751365192, 754.749926932018 872.259003261302, 759.3241526149516 874.0857354736978, 763.6495770912634 865.5643812262202, 770.1999141114492 862.1199491786466, 780.3389681982596 866.7066641205031))",Polygon,False,3531.9982088236666,744.3694667935221,862.1199491786466,821.8608087436634,953.612842006601,77.4913419501413,91.4928928279544,779.7040962376777,912.2222485306676,1.0,False,train
santa-rosa-wildfire_00000005__6e7ad1c1-6127-46bf-a118-22575b68216c,santa-rosa-wildfire_00000005,6e7ad1c1-6127-46bf-a118-22575b68216c,challenge_train,major-damage,2,images/santa-rosa-wildfire_00000005_pre_disaster.png,images/santa-rosa-wildfire_00000005_post_disaster.png,labels/santa-rosa-wildfire_00000005_pre_disaster.json,labels/santa-rosa-wildfire_00000005_post_disaster.json,1024,1024,1024,1024,True,2.078462808228784e-09,0.9999999999738948,santa-rosa-wildfire,fire,2017-06-21T19:09:01.000Z,2017-10-11T19:19:41.000Z,105001000A632800,105001000C5D4200,GEOEYE01,GEOEYE01,1.6719055,1.8769937,5.672477199999999,21.352135,"POLYGON ((136.7892033121602 167.2902307051856, 159.8264664861711 167.7807834809259, 160.331858317197 220.5691577141421, 215.3670511008046 220.6390342566467, 214.5710617892613 200.7393014680636, 239.7522691293083 200.392959433871, 240.1690582160329 217.8553565004231, 252.9243284934205 217.1780855122432, 252.8114499953906 240.9954485965688, 137.849584847266 245.2681231227742, 136.7892033121602 167.2902307051856))",Polygon,False,4352.357992750452,136.7892033121602,167.2902307051856,252.9243284934205,245.2681231227742,116.13512518126028,77.9778924175886,185.3138353765704,218.7363520133724,1.0,False,"POLYGON ((136.7892033131779 167.2902307068403, 159.8264664867021 167.7807834819089, 160.3318583167334 220.5691577131478, 215.3670511018833 220.6390342615499, 214.5710617888051 200.7393014700596, 239.75226913106 200.3929594341276, 240.1690582162939 217.8553565025255, 252.9243284915493 217.1780855140101, 252.8114499947628 240.9954485955804, 137.8495848459296 245.2681231251643, 136.7892033131779 167.2902307068403))",Polygon,False,4352.357992636832,136.7892033131779,167.2902307068403,252.9243284915493,245.2681231251643,116.1351251783714,77.97789241832399,185.31383537472425,218.7363520143272,1.0,False,train
santa-rosa-wildfire_00000006__4ee1e45d-50ac-43a0-a045-475464907bcb,santa-rosa-wildfire_00000006,4ee1e45d-50ac-43a0-a045-475464907bcb,challenge_train,minor-damage,1,images/santa-rosa-wildfire_00000006_pre_disaster.png,images/santa-rosa-wildfire_00000006_post_disaster.png,labels/santa-rosa-wildfire_00000006_pre_disaster.json,labels/santa-rosa-wildfire_00000006_post_disaster.json,1024,1024,1024,1024,True,1.27638871442528e-09,1.0000000002375369,santa-rosa-wildfire,fire,2017-06-21T19:09:01.000Z,2017-10-11T19:19:41.000Z,105001000A632800,105001000C5D4200,GEOEYE01,GEOEYE01,1.6719055,1.8769937,5.672477199999999,21.352135,"POLYGON ((499.3392175284794 538.0364834475199, 514.1909662696521 524.809144724913, 518.6000791771877 524.809144724913, 521.6168406402384 529.2182576324486, 504.2124475841766 544.3020649477022, 500.4995103988834 544.3020649477022, 499.3392175284794 538.0364834475199))",Polygon,False,194.48354308667925,499.3392175284794,524.809144724913,521.6168406402384,544.3020649477022,22.277623111758945,19.492920222789166,509.85553294999175,534.2064942425347,1.0,False,"POLYGON ((499.3392175287747 538.0364834487937, 514.1909662691384 524.8091447247424, 518.6000791771972 524.8091447247424, 521.616840641789 529.2182576376106, 504.2124475826635 544.3020649475811, 500.4995103964031 544.3020649496601, 499.3392175287747 538.0364834487937))",Polygon,False,194.48354313287624,499.3392175287747,524.8091447247424,521.616840641789,544.3020649496601,22.27762311301433,19.492920224917725,509.855532951246,534.2064942427714,1.0,False,train
santa-rosa-wildfire_00000068__03015936-13fe-4e44-8c98-c1dbea8443eb,santa-rosa-wildfire_00000068,03015936-13fe-4e44-8c98-c1dbea8443eb,challenge_train,destroyed,3,images/santa-rosa-wildfire_00000068_pre_disaster.png,images/santa-rosa-wildfire_00000068_post_disaster.png,labels/santa-rosa-wildfire_00000068_pre_disaster.json,labels/santa-rosa-wildfire_00000068_post_disaster.json,1024,1024,1024,1024,True,1.0014175828036772e-09,1.0000000000237836,santa-rosa-wildfire,fire,2017-06-21T19:09:01.000Z,2017-10-11T19:19:41.000Z,105001000A632800,105001000C5D4200,GEOEYE01,GEOEYE01,1.6719055,1.8769937,5.672477199999999,21.352135,"POLYGON ((487.4042375736288 327.2387334385995, 463.7464447053561 329.4113878856858, 463.2636326060036 326.2731092398945, 453.1245785196009 326.2731092398945, 452.6417664202484 331.1012302334196, 446.1238030789896 332.5496665314771, 447.5722393770471 355.7246473003974, 468.0917535995286 356.6902714991024, 468.0917535995286 365.1394832377712, 480.1620560833413 365.3808892874475, 479.4378379343125 360.7941743435987, 490.5425162194201 361.0355803932749, 490.3011101697439 345.826999263671, 481.851898431075 345.5855932139947, 481.851898431075 342.6887206178797, 488.8526738716864 342.6887206178797, 488.8526738716864 336.8949754256496, 481.1276802820463 336.6535693759734, 480.88627423237 333.0324786308296, 488.8526738716864 332.7910725811533, 487.4042375736288 327.2387334385995))",Polygon,False,1290.51238732499,446.1238030789896,326.2731092398945,490.5425162194201,365.3808892874475,44.4187131404305,39.10778004755298,468.8061186999644,344.58350201578605,1.0,False,"POLYGON ((487.4042375756816 327.2387334415404, 488.8526738711043 332.7910725802593, 480.8862742325643 333.0324786289549, 481.1276802812597 336.653569378109, 488.8526738707143 336.8949754247246, 488.8526738691543 342.6887206183791, 481.8518984298161 342.6887206183791, 481.8518984307261 345.5855932152064, 490.301110171467 345.826999265982, 490.5425162187325 361.0355803962051, 479.4378379358415 360.7941743454296, 480.1620560838779 365.380889287286, 468.091753599835 365.1394832385905, 468.091753599965 356.6902715009642, 447.5722393780413 355.7246473020218, 446.1238030776785 332.5496665315637, 452.6417664210559 331.1012302352301, 453.1245785203968 326.273109240518, 463.263632605256 326.273109240518, 463.7464447042069 329.4113878818809, 487.4042375756816 327.2387334415404))",Polygon,False,1290.5123873556831,446.1238030776785,326.273109240518,490.5425162187325,365.380889287286,44.41871314105401,39.10778004676797,468.8061186995863,344.58350201671334,0.9999999999999998,False,test
santa-rosa-wildfire_00000077__ad376f47-f13c-4dae-b915-ca0563f9a22f,santa-rosa-wildfire_00000077,ad376f47-f13c-4dae-b915-ca0563f9a22f,challenge_train,no-damage,0,images/santa-rosa-wildfire_00000077_pre_disaster.png,images/santa-rosa-wildfire_00000077_post_disaster.png,labels/santa-rosa-wildfire_00000077_pre_disaster.json,labels/santa-rosa-wildfire_00000077_post_disaster.json,1024,1024,1024,1024,True,1.1089461728165722e-09,0.9999999999824056,santa-rosa-wildfire,fire,2017-06-21T19:09:01.000Z,2017-10-11T19:19:41.000Z,105001000A632800,105001000C5D4200,GEOEYE01,GEOEYE01,1.6719055,1.8769937,5.672477199999999,21.352135,"POLYGON ((190.5633818778469 196.077561167282, 190.8315409958001 218.8710861933061, 165.8927430261503 220.2118817830722, 166.4290612620567 227.9884962037157, 146.0489682976117 227.7203370857625, 145.5126500617052 203.8541755879255, 162.6748336107116 204.390493823832, 161.3340380209455 198.490993228861, 143.9036953539859 196.6138794031885, 144.4400135898923 175.1611499669306, 164.8201065543374 175.1611499669306, 164.8201065543374 173.284036141258, 177.1554259801857 173.0158770233048, 177.9599033340454 181.5969687978079, 174.4738348006534 182.6696052696208, 175.8146303904196 195.2730838134223, 190.5633818778469 196.077561167282))",Polygon,False,1816.6090080784104,143.9036953539859,173.0158770233048,190.8315409958001,227.9884962037157,46.9278456418142,54.9726191804109,164.98972747963506,200.99753218840905,1.0,False,"POLYGON ((190.5633818784108 196.0775611682051, 190.8315409962591 218.8710861918179, 165.8927430284384 220.2118817813199, 166.4290612602369 227.988496201263, 146.048968295448 227.7203370883523, 145.5126500600112 203.8541755902272, 162.6748336094508 204.3904938264438, 161.3340380195594 198.4909932301402, 143.903695353441 196.6138794044217, 144.4400135890077 175.1611499682317, 164.8201065547062 175.1611499682317, 164.8201065566553 173.2840361425131, 177.1554259778082 173.0158770233653, 177.9599033322628 181.5969687986729, 174.473834799325 182.6696052690271, 175.8146303909055 195.2730838128406, 190.5633818784108 196.0775611682051))",Polygon,False,1816.6090080464485,143.903695353441,173.0158770233653,190.8315409962591,227.988496201263,46.927845642818085,54.97261917789768,164.98972747876792,200.99753218910027,1.0,False,hold
santa-rosa-wildfire_00000079__0728a876-0434-4aa5-a566-a8c9cca81f45,santa-rosa-wildfire_00000079,0728a876-0434-4aa5-a566-a8c9cca81f45,challenge_train,destroyed,3,images/santa-rosa-wildfire_00000079_pre_disaster.png,images/santa-rosa-wildfire_00000079_post_disaster.png,labels/santa-rosa-wildfire_00000079_pre_disaster.json,labels/santa-rosa-wildfire_00000079_post_disaster.json,1024,1024,1024,1024,True,1.27498253875303e-09,1.000000000010166,santa-rosa-wildfire,fire,2017-06-21T19:09:01.000Z,2017-10-11T19:19:41.000Z,105001000A632800,105001000C5D4200,GEOEYE01,GEOEYE01,1.6719055,1.8769937,5.672477199999999,21.352135,"POLYGON ((327.591821880091 438.3458569091587, 336.1705877303694 436.765557936739, 335.0418027500696 433.6049599918996, 352.9894839368363 428.6383060785805, 362.8099132654444 453.2458186491159, 357.8432593521254 454.2617251313857, 360.7781003009048 465.4366964363537, 346.6682880471574 470.0647148555828, 342.2660266239882 458.325351060465, 333.8001392717399 460.0185285309147, 327.591821880091 438.3458569091587))",Polygon,False,893.0683537591701,327.591821880091,428.6383060785805,362.8099132654444,470.0647148555828,35.218091385353375,41.42640877700228,346.1901714629388,448.4933680493877,1.0,False,"POLYGON ((327.5918218819202 438.345856911227, 336.1705877285187 436.7655579359455, 335.0418027509087 433.6049599916195, 352.9894839342151 428.6383060779192, 362.8099132669047 453.2458186502489, 357.8432593528164 454.2617251309429, 360.7781002991504 465.4366964414464, 346.6682880467349 470.06471485881, 342.2660266263243 458.325351059956, 333.8001392727439 460.0185285312444, 327.5918218819202 438.345856911227))",Polygon,False,893.0683537682492,327.5918218819202,428.6383060779192,362.8099132669047,470.06471485881,35.21809138498446,41.42640878089082,346.1901714636499,448.4933680504459,1.0,False,train
santa-rosa-wildfire_00000079__e3111dd8-4cbb-4fc0-a5db-d0a3a2c067e8,santa-rosa-wildfire_00000079,e3111dd8-4cbb-4fc0-a5db-d0a3a2c067e8,challenge_train,destroyed,3,images/santa-rosa-wildfire_00000079_pre_disaster.png,images/santa-rosa-wildfire_00000079_post_disaster.png,labels/santa-rosa-wildfire_00000079_pre_disaster.json,labels/santa-rosa-wildfire_00000079_post_disaster.json,1024,1024,1024,1024,True,1.0313740235906319e-09,1.0000000001449814,santa-rosa-wildfire,fire,2017-06-21T19:09:01.000Z,2017-10-11T19:19:41.000Z,105001000A632800,105001000C5D4200,GEOEYE01,GEOEYE01,1.6719055,1.8769937,5.672477199999999,21.352135,"POLYGON ((262.8277047226647 360.7211302282248, 274.5390001333487 392.598028979199, 284.5178553945233 388.7173630442978, 276.1328450708975 365.7798554647924, 273.2223456197215 357.3948451411666, 262.8277047226647 360.7211302282248))",Polygon,False,361.576100184202,262.8277047226647,357.3948451411666,284.5178553945233,392.598028979199,21.69015067185859,35.20318383803237,273.7215065987506,374.8352779855625,1.0,False,"POLYGON ((262.8277047231606 360.7211302278678, 273.2223456192922 357.3948451407302, 276.1328450723557 365.7798554632134, 284.5178553941861 388.717363044782, 274.5390001344663 392.5980289835874, 262.8277047231606 360.7211302278678))",Polygon,False,361.5761002366238,262.8277047231606,357.3948451407302,284.5178553941861,392.5980289835874,21.69015067102549,35.20318384285724,273.72150659937245,374.8352779863853,1.0,False,train
santa-rosa-wildfire_00000095__43ece773-4ecd-4ee6-9118-3995dba898c1,santa-rosa-wildfire_00000095,43ece773-4ecd-4ee6-9118-3995dba898c1,challenge_train,no-damage,0,images/santa-rosa-wildfire_00000095_pre_disaster.png,images/santa-rosa-wildfire_00000095_post_disaster.png,labels/santa-rosa-wildfire_00000095_pre_disaster.json,labels/santa-rosa-wildfire_00000095_post_disaster.json,1024,1024,1024,1024,True,1.7055678182723822e-09,0.9999999999661544,santa-rosa-wildfire,fire,2017-06-21T19:09:01.000Z,2017-10-11T19:19:41.000Z,105001000A632800,105001000C5D4200,GEOEYE01,GEOEYE01,1.6719055,1.8769937,5.672477199999999,21.352135,"POLYGON ((657.343946954822 189.2015849623331, 686.694972413565 171.2315693753476, 688.7914742320467 175.4245730123109, 705.2639885201168 166.7390654786012, 717.2439989114405 187.7040836634177, 701.3704851429366 197.8870924960428, 704.0659874809844 202.6790966525723, 675.3139625418074 219.7506114602086, 657.343946954822 189.2015849623331))",Polygon,False,1673.5853176711876,657.343946954822,166.7390654786012,717.2439989114405,219.7506114602086,59.90005195661854,53.01154598160741,687.0259249495017,191.8505242335065,1.0,False,"POLYGON ((657.3439469527004 189.2015849606078, 686.6949724142224 171.2315693756694, 688.7914742333481 175.4245730134025, 705.2639885205753 166.7390654815139, 717.2439989089706 187.7040836660211, 701.3704851408254 197.8870924966545, 704.0659874794228 202.6790966555488, 675.3139625416605 219.7506114587454, 657.3439469527004 189.2015849606078))",Polygon,False,1673.585317614544,657.3439469527004,166.7390654815139,717.2439989089706,219.7506114587454,59.90005195627021,53.01154597723149,687.0259249479187,191.85052423414143,1.0,False,train
santa-rosa-wildfire_00000138__d7e97d30-5bec-4a33-98ce-5ad93abefe92,santa-rosa-wildfire_00000138,d7e97d30-5bec-4a33-98ce-5ad93abefe92,challenge_train,no-damage,0,images/santa-rosa-wildfire_00000138_pre_disaster.png,images/santa-rosa-wildfire_00000138_post_disaster.png,labels/santa-rosa-wildfire_00000138_pre_disaster.json,labels/santa-rosa-wildfire_00000138_post_disaster.json,1024,1024,1024,1024,True,8.662865648792314e-10,1.0000000001214415,santa-rosa-wildfire,fire,2017-06-21T19:09:01.000Z,2017-10-11T19:19:41.000Z,105001000A632800,105001000C5D4200,GEOEYE01,GEOEYE01,1.6719055,1.8769937,5.672477199999999,21.352135,"POLYGON ((217.0536980915371 243.8180358031391, 201.9441541988517 241.2461985448097, 201.9441541988517 251.8550272354186, 217.0536980915371 253.1409458645833, 217.0536980915371 243.8180358031391))",Polygon,False,150.5797407658423,201.9441541988517,241.2461985448097,217.0536980915371,253.1409458645833,15.109543892685394,11.894747319773614,209.33645793129452,247.49431123893663,1.0,False,"POLYGON ((217.0536980895959 243.8180358021581, 217.0536980923247 253.1409458666352, 201.9441541991563 251.8550272367654, 201.9441542005856 241.2461985444976, 217.0536980895959 243.8180358021581))",Polygon,False,150.57974078412897,201.9441541991563,241.2461985444976,217.0536980923247,253.1409458666352,15.10954389316842,11.89474732213762,209.3364579316764,247.49431123971428,1.0,False,train
santa-rosa-wildfire_00000149__36cc90b3-77cd-46c9-8e91-6a9bfb405b86,santa-rosa-wildfire_00000149,36cc90b3-77cd-46c9-8e91-6a9bfb405b86,challenge_train,no-damage,0,images/santa-rosa-wildfire_00000149_pre_disaster.png,images/santa-rosa-wildfire_00000149_post_disaster.png,labels/santa-rosa-wildfire_00000149_pre_disaster.json,labels/santa-rosa-wildfire_00000149_post_disaster.json,1024,1024,1024,1024,True,9.81716973809041e-10,1.0000000000176998,santa-rosa-wildfire,fire,2017-06-21T19:09:01.000Z,2017-10-11T19:19:41.000Z,105001000A632800,105001000C5D4200,GEOEYE01,GEOEYE01,1.6719055,1.8769937,5.672477199999999,21.352135,"POLYGON ((27.41571244993986 819.5650680971175, 40.38153957539178 800.5485216464547, 72.79610738902159 825.7598521681667, 55.50833788841903 844.4882691271529, 27.41571244993986 819.5650680971175))",Polygon,False,950.1479224810454,27.41571244993986,800.5485216464547,72.79610738902159,844.4882691271529,45.380394939081725,43.9397474806982,49.40375949538324,822.6672276750176,1.0,False,"POLYGON ((27.4157124522402 819.5650681001013, 40.38153957379971 800.5485216471882, 72.7961073908874 825.7598521655204, 55.50833788676874 844.4882691271637, 27.4157124522402 819.5650681001013))",Polygon,False,950.1479224978629,27.4157124522402,800.5485216471882,72.7961073908874,844.4882691271637,45.3803949386472,43.939747479975495,49.40375949628444,822.6672276754069,1.0,False,train
santa-rosa-wildfire_00000180__4f3301d6-da05-44aa-921e-f56f4ae9b255,santa-rosa-wildfire_00000180,4f3301d6-da05-44aa-921e-f56f4ae9b255,challenge_train,no-damage,0,images/santa-rosa-wildfire_00000180_pre_disaster.png,images/santa-rosa-wildfire_00000180_post_disaster.png,labels/santa-rosa-wildfire_00000180_pre_disaster.json,labels/santa-rosa-wildfire_00000180_post_disaster.json,1024,1024,1024,1024,True,7.482843995631972e-10,1.0000000004461604,santa-rosa-wildfire,fire,2017-06-21T19:09:01.000Z,2017-10-11T19:19:41.000Z,105001000A632800,105001000C5D4200,GEOEYE01,GEOEYE01,1.6719055,1.8769937,5.672477199999999,21.352135,"POLYGON ((934.9438134452536 904.2417385100526, 955.3649679643662 905.8661485286184, 955.8290851125279 897.7440984357895, 934.7117548711727 896.8158641394663, 934.9438134452536 904.2417385100526))",Polygon,False,161.6073965950819,934.7117548711728,896.8158641394663,955.829085112528,905.8661485286184,21.11733024135515,9.050284389152123,945.3770927019284,901.1556919812316,0.9999999999999998,False,"POLYGON ((934.9438134446099 904.2417385103938, 934.7117548696936 896.8158641380279, 955.8290851145359 897.7440984350936, 955.3649679665233 905.8661485307788, 934.9438134446099 904.2417385103938))",Polygon,False,161.60739666718473,934.7117548696936,896.8158641380279,955.829085114536,905.8661485307788,21.11733024484238,9.050284392750882,945.3770927026712,901.155691981321,1.0,False,train
santa-rosa-wildfire_00000193__8e632057-53be-44d9-9f0c-f80cd9dfb195,santa-rosa-wildfire_00000193,8e632057-53be-44d9-9f0c-f80cd9dfb195,challenge_train,no-damage,0,images/santa-rosa-wildfire_00000193_pre_disaster.png,images/santa-rosa-wildfire_00000193_post_disaster.png,labels/santa-rosa-wildfire_00000193_pre_disaster.json,labels/santa-rosa-wildfire_00000193_post_disaster.json,1024,1024,1024,1024,True,1.5638633833486161e-09,0.9999999999276128,santa-rosa-wildfire,fire,2017-06-21T19:09:01.000Z,2017-10-11T19:19:41.000Z,105001000A632800,105001000C5D4200,GEOEYE01,GEOEYE01,1.6719055,1.8769937,5.672477199999999,21.352135,"POLYGON ((443.6065506598165 129.6537692552679, 458.4870783286938 129.8916775224932, 458.8653742420241 147.1041415790199, 443.3552417954835 147.1041415790199, 443.6065506598165 129.6537692552679))",Polygon,False,263.3490669501516,443.3552417954835,129.6537692552679,458.8653742420241,147.1041415790199,15.51013244654058,17.45037232375202,451.06103799972936,138.49822078581255,1.0,False,"POLYGON ((443.6065506576688 129.6537692577328, 458.4870783283284 129.8916775249768, 458.8653742411774 147.1041415793642, 443.3552417948767 147.1041415793642, 443.6065506576688 129.6537692577328))",Polygon,False,263.34906693108854,443.3552417948767,129.6537692577328,458.8653742411774,147.1041415793642,15.510132446300702,17.45037232163142,451.0610379987354,138.4982207870199,1.0,False,hold
santa-rosa-wildfire_00000225__76092c4a-903a-4806-b056-9bf5a181f929,santa-rosa-wildfire_00000225,76092c4a-903a-4806-b056-9bf5a181f929,challenge_train,no-damage,0,images/santa-rosa-wildfire_00000225_pre_disaster.png,images/santa-rosa-wildfire_00000225_post_disaster.png,labels/santa-rosa-wildfire_00000225_pre_disaster.json,labels/santa-rosa-wildfire_00000225_post_disaster.json,1024,1024,1024,1024,True,8.530923722799814e-10,1.0000000001180775,santa-rosa-wildfire,fire,2017-06-21T19:09:01.000Z,2017-10-11T19:19:41.000Z,105001000A632800,105001000C5D4200,GEOEYE01,GEOEYE01,1.6719055,1.8769937,5.672477199999999,21.352135,"POLYGON ((627.2653403185631 820.5249570430591, 622.3847560203194 806.9677784368267, 652.2105489540304 795.3989860261753, 654.0181727681946 800.6410950872518, 659.4410442106876 799.1949960359203, 664.3216285089312 812.2098874979033, 647.5107270372032 818.3558084660618, 649.6798756142003 824.8632541970534, 640.0994693991296 827.9362146811327, 636.3034593893846 821.4287689501411, 627.2653403185631 820.5249570430591))",Polygon,False,754.2379145112285,622.3847560203194,795.3989860261753,664.3216285089312,827.9362146811327,41.93687248861181,32.5372286549574,643.2131613912396,810.8253555670802,1.0,False,"POLYGON ((627.265340317097 820.5249570437477, 622.3847560192295 806.9677784362439, 652.210548952345 795.3989860254774, 654.0181727689303 800.6410950846894, 659.4410442093304 799.1949960351627, 664.3216285095367 812.2098874975347, 647.5107270390469 818.3558084652997, 649.6798756135956 824.8632541964856, 640.0994693982719 827.9362146814076, 636.3034593872891 821.4287689523006, 627.265340317097 820.5249570437477))",Polygon,False,754.237914600287,622.3847560192295,795.3989860254774,664.3216285095367,827.9362146814076,41.93687249030722,32.53722865593022,643.2131613903872,810.8253555670465,1.0,False,train
santa-rosa-wildfire_00000238__555db601-0cf5-45af-9073-3aa96429d06e,santa-rosa-wildfire_00000238,555db601-0cf5-45af-9073-3aa96429d06e,challenge_train,no-damage,0,images/santa-rosa-wildfire_00000238_pre_disaster.png,images/santa-rosa-wildfire_00000238_post_disaster.png,labels/santa-rosa-wildfire_00000238_pre_disaster.json,labels/santa-rosa-wildfire_00000238_post_disaster.json,1024,1024,1024,1024,True,2.0067043842844835e-09,0.9999999999595842,santa-rosa-wildfire,fire,2017-06-21T19:09:01.000Z,2017-10-11T19:19:41.000Z,105001000A632800,105001000C5D4200,GEOEYE01,GEOEYE01,1.6719055,1.8769937,5.672477199999999,21.352135,"POLYGON ((880.4248752695665 343.498698033535, 857.1307203389231 328.4001252859879, 876.6601633509069 303.1136065424595, 898.9061883248045 322.6216592118773, 882.4783544979264 342.4719584193551, 880.4248752695665 343.498698033535))",Polygon,False,866.3777130635765,857.1307203389231,303.1136065424595,898.9061883248045,343.498698033535,41.77546798588139,40.38509149107552,878.2538009505613,324.2414578912936,1.0,False,"POLYGON ((880.4248752714219 343.4986980345303, 857.1307203366065 328.4001252859025, 876.6601633516531 303.1136065455688, 898.9061883232697 322.6216592142473, 882.4783544988275 342.471958420827, 880.4248752714219 343.4986980345303))",Polygon,False,866.3777130285612,857.1307203366065,303.1136065455688,898.9061883232697,343.4986980345303,41.775467986663216,40.38509148896151,878.2538009496958,324.24145789310404,1.0,False,test
santa-rosa-wildfire_00000372__594d506d-f833-4af5-bf14-f145acdbc44b,santa-rosa-wildfire_00000372,594d506d-f833-4af5-bf14-f145acdbc44b,challenge_train,no-damage,0,images/santa-rosa-wildfire_00000372_pre_disaster.png,images/santa-rosa-wildfire_00000372_post_disaster.png,labels/santa-rosa-wildfire_00000372_pre_disaster.json,labels/santa-rosa-wildfire_00000372_post_disaster.json,1024,1024,1024,1024,True,9.749848113553042e-10,1.0000000000109548,santa-rosa-wildfire,fire,2017-05-21T19:19:19.000Z,2017-10-11T19:19:41.000Z,1030010068BD1700,105001000C5D4200,WORLDVIEW02,GEOEYE01,2.149289,1.8769937,22.75027,21.352135,"POLYGON ((117.3581598894788 311.8753640668705, 116.7591593699126 290.6108456222709, 157.7906949601965 287.0168425048738, 161.0851978178106 321.7588726397126, 138.8434642641982 323.9869836566767, 137.6454632250659 308.4129701479558, 117.3581598894788 311.8753640668705))",Polygon,False,1179.2129243819822,116.7591593699126,287.0168425048738,161.0851978178106,323.9869836566767,44.326038447898014,36.97014115180292,140.99971904657338,303.6219947526272,0.9999999999999998,False,"POLYGON ((117.3581598882 311.8753640681357, 116.759159368372 290.6108456226945, 157.7906949582666 287.0168425042474, 161.0851978166708 321.7588726423059, 138.8434642662307 323.986983658787, 137.6454632229365 308.4129701448232, 117.3581598882 311.8753640681357))",Polygon,False,1179.2129243949005,116.759159368372,287.0168425042474,161.0851978166708,323.986983658787,44.32603844829882,36.97014115453959,140.9997190457278,303.6219947531125,1.0,False,train
sunda-tsunami_00000001__000e0d75-47e1-4cec-8375-191747fe0672,sunda-tsunami_00000001,000e0d75-47e1-4cec-8375-191747fe0672,challenge_train,no-damage,0,images/sunda-tsunami_00000001_pre_disaster.png,images/sunda-tsunami_00000001_post_disaster.png,labels/sunda-tsunami_00000001_pre_disaster.json,labels/sunda-tsunami_00000001_post_disaster.json,1024,1024,1024,1024,True,2.6003728077629585e-08,0.9999999998582166,sunda-tsunami,tsunami,2018-06-18T03:29:40.000Z,2019-01-02T03:17:07.000Z,103001007F107100,1050010013BECF00,WORLDVIEW02,GEOEYE01,2.190356,1.7746705,24.065125,16.378376,"POLYGON ((793.6330313628036 973.7675168461329, 791.908254442996 974.0599177169273, 791.1280699887939 956.6972602824718, 812.194542206829 954.895522526982, 812.8557093612335 972.7107006932564, 793.6330313628036 973.7675168461329))",Polygon,False,368.7261860317192,791.1280699887939,954.895522526982,812.8557093612335,974.0599177169272,21.727639372439626,19.164395189945367,802.0786547565563,964.531965889586,1.0,False,"POLYGON ((793.6330313362736 973.7675168436166, 791.9082544167566 974.0599177154446, 791.1280699628093 956.6972602825196, 812.1945421812486 954.8955225277878, 812.8557093353784 972.7107006909836, 793.6330313362736 973.7675168436166))",Polygon,False,368.72618597944,791.1280699628093,954.8955225277878,812.8557093353784,974.0599177154446,21.727639372569115,19.16439518765685,802.0786547305703,964.5319658886252,1.0,False,tier3
sunda-tsunami_00000001__e8c01d6e-4edd-4c91-8400-873f12c685a7,sunda-tsunami_00000001,e8c01d6e-4edd-4c91-8400-873f12c685a7,challenge_train,no-damage,0,images/sunda-tsunami_00000001_pre_disaster.png,images/sunda-tsunami_00000001_post_disaster.png,labels/sunda-tsunami_00000001_pre_disaster.json,labels/sunda-tsunami_00000001_post_disaster.json,1024,1024,1024,1024,True,2.7926949690651044e-08,1.0000000000537597,sunda-tsunami,tsunami,2018-06-18T03:29:40.000Z,2019-01-02T03:17:07.000Z,103001007F107100,1050010013BECF00,WORLDVIEW02,GEOEYE01,2.190356,1.7746705,24.065125,16.378376,"POLYGON ((477.3882201121738 741.9813883440237, 477.2441553663354 764.023294457292, 497.1250902920284 764.8876829323222, 497.3259213601432 749.7649066941854, 489.5423362321257 749.8658469090121, 489.5925880268098 742.131573360852, 477.3882201121738 741.9813883440237))",Polygon,False,386.6090347208094,477.2441553663354,741.9813883440237,497.3259213601432,764.8876829323222,20.08176599380777,22.906294588298465,486.39961101857097,754.3890946699945,1.0,False,"POLYGON ((477.388220082155 741.9813883429526, 489.5925879994352 742.1315733603375, 489.5423362049793 749.8658469080652, 497.3259213301079 749.7649066946711, 497.1250902673571 764.8876829312826, 477.2441553403528 764.0232944579509, 477.388220082155 741.9813883429526))",Polygon,False,386.6090347415934,477.2441553403528,741.9813883429526,497.3259213301079,764.8876829312826,20.081765989755127,22.90629458832996,486.3996109906528,754.3890946692951,1.0,False,tier3
sunda-tsunami_00000005__0ac3cea1-a6c6-4b41-9bf7-dd987c41b303,sunda-tsunami_00000005,0ac3cea1-a6c6-4b41-9bf7-dd987c41b303,challenge_train,destroyed,3,images/sunda-tsunami_00000005_pre_disaster.png,images/sunda-tsunami_00000005_post_disaster.png,labels/sunda-tsunami_00000005_pre_disaster.json,labels/sunda-tsunami_00000005_post_disaster.json,1024,1024,1024,1024,True,2.6055874766239025e-08,1.000000000028504,sunda-tsunami,tsunami,2018-06-18T03:29:40.000Z,2019-01-02T03:17:07.000Z,103001007F107100,1050010013BECF00,WORLDVIEW02,GEOEYE01,2.190356,1.7746705,24.065125,16.378376,"POLYGON ((748.96 161.33, 739 171.61, 725.28 158.88, 734.11 149.9, 748.96 161.33))",Polygon,False,251.0561500000008,725.28,149.9,748.96,171.61,23.680000000000064,21.710000000000008,736.9861271678334,160.56345347246028,0.9999999999999998,False,"POLYGON ((748.959999974864 161.3299999993072, 738.9999999709787 171.6100000002971, 725.2799999750871 158.8799999981256, 734.1099999722062 149.8999999993711, 748.959999974864 161.3299999993072))",Polygon,False,251.05615000715693,725.2799999750871,149.8999999993711,748.959999974864,171.6100000002971,23.679999999776896,21.710000000926016,736.9861271417806,160.5634534720611,1.0,False,tier3
sunda-tsunami_00000005__581081dc-f075-45b0-9320-825b7aa229ea,sunda-tsunami_00000005,581081dc-f075-45b0-9320-825b7aa229ea,challenge_train,major-damage,2,images/sunda-tsunami_00000005_pre_disaster.png,images/sunda-tsunami_00000005_post_disaster.png,labels/sunda-tsunami_00000005_pre_disaster.json,labels/sunda-tsunami_00000005_post_disaster.json,1024,1024,1024,1024,True,2.7278177006077708e-08,1.0000000001424434,sunda-tsunami,tsunami,2018-06-18T03:29:40.000Z,2019-01-02T03:17:07.000Z,103001007F107100,1050010013BECF00,WORLDVIEW02,GEOEYE01,2.190356,1.7746705,24.065125,16.378376,"POLYGON ((765.1858270234837 1.623546959918056, 756.2013531037074 22.09636458039195, 770.1199233564757 27.84053643074074, 778.6625379031483 7.367718810266847, 765.1858270234837 1.623546959918056))",Polygon,False,330.76860123672776,756.2013531037074,1.623546959918056,778.6625379031483,27.84053643074074,22.461184799440844,26.21698947082269,767.5136787410225,14.775027413432076,1.0,False,"POLYGON ((765.1858269949074 1.623546961488757, 778.6625378772251 7.367718809538052, 770.1199233309653 27.84053643076643, 756.2013530744571 22.09636457896386, 765.1858269949074 1.623546961488757))",Polygon,False,330.7686012838436,756.2013530744571,1.623546961488757,778.6625378772251,27.84053643076643,22.461184802768003,26.216989469277674,767.5136787137451,14.775027413631037,1.0,False,tier3
sunda-tsunami_00000016__976f717b-bf70-45cc-b885-be25d87c49ae,sunda-tsunami_00000016,976f717b-bf70-45cc-b885-be25d87c49ae,challenge_train,no-damage,0,images/sunda-tsunami_00000016_pre_disaster.png,images/sunda-tsunami_00000016_post_disaster.png,labels/sunda-tsunami_00000016_pre_disaster.json,labels/sunda-tsunami_00000016_post_disaster.json,1024,1024,1024,1024,True,2.677022853237636e-08,0.9999999999273668,sunda-tsunami,tsunami,2018-06-18T03:29:40.000Z,2019-01-02T03:17:07.000Z,103001007F107100,1050010013BECF00,WORLDVIEW02,GEOEYE01,2.190356,1.7746705,24.065125,16.378376,"POLYGON ((341.018238708695 553.665438580302, 376.9840811383004 592.4958171326193, 390.6701981690353 579.4462636847094, 390.3519163776228 571.170937107986, 381.4400262180746 562.5773287398501, 377.3023629297129 566.3967102367994, 356.6140464879044 543.1621394636915, 341.018238708695 553.665438580302))",Polygon,False,1029.8999866881009,341.018238708695,543.1621394636915,390.6701981690353,592.4958171326193,49.65195946034032,49.33367766892786,367.7190958934775,567.6348049601544,1.0,False,"POLYGON ((341.0182386831523 553.6654385800982, 356.6140464610536 543.162139462267, 377.3023629018256 566.3967102379617, 381.4400261911999 562.5773287402274, 390.3519163513411 571.1709371073147, 390.6701981399262 579.4462636851136, 376.9840811127713 592.4958171322655, 341.0182386831523 553.6654385800982))",Polygon,False,1029.899986613296,341.0182386831523,543.162139462267,390.6701981399262,592.4958171322655,49.65195945677391,49.333677669998565,367.71909586671467,567.6348049595258,1.0,False,tier3
sunda-tsunami_00000059__01b89536-93bd-483d-84c0-d70cb4517fa4,sunda-tsunami_00000059,01b89536-93bd-483d-84c0-d70cb4517fa4,challenge_train,no-damage,0,images/sunda-tsunami_00000059_pre_disaster.png,images/sunda-tsunami_00000059_post_disaster.png,labels/sunda-tsunami_00000059_pre_disaster.json,labels/sunda-tsunami_00000059_post_disaster.json,1024,1024,1024,1024,True,2.9007574709482063e-08,0.9999999997853922,sunda-tsunami,tsunami,2018-06-18T03:29:40.000Z,2019-01-02T03:17:07.000Z,103001007F107100,1050010013BECF00,WORLDVIEW02,GEOEYE01,2.190356,1.7746705,24.065125,16.378376,"POLYGON ((699.8579962631424 62.31185625490102, 700.7424288315237 70.44863588401059, 711.709392679454 69.3873168019528, 710.6480735973963 61.51586694335769, 699.8579962631424 62.31185625490102))",Polygon,False,87.97639227251767,699.8579962631424,61.51586694335769,711.709392679454,70.44863588401059,11.851396416311673,8.932768940652892,705.712965553979,65.93100486222406,1.0,False,"POLYGON ((699.8579962358393 62.31185625303034, 710.6480735654181 61.51586694352696, 711.7093926511692 69.38731680029863, 700.7424288047182 70.44863588464085, 699.8579962358393 62.31185625303034))",Polygon,False,87.97639225363726,699.8579962358393,61.51586694352696,711.7093926511692,70.44863588464085,11.851396415329871,8.932768941113892,705.7129655249743,65.93100486181537,1.0,False,tier3
sunda-tsunami_00000059__6698776d-0b66-4715-825c-9c03b5e93758,sunda-tsunami_00000059,6698776d-0b66-4715-825c-9c03b5e93758,challenge_train,no-damage,0,images/sunda-tsunami_00000059_pre_disaster.png,images/sunda-tsunami_00000059_post_disaster.png,labels/sunda-tsunami_00000059_pre_disaster.json,labels/sunda-tsunami_00000059_post_disaster.json,1024,1024,1024,1024,True,2.7397963174027108e-08,1.000000000004741,sunda-tsunami,tsunami,2018-06-18T03:29:40.000Z,2019-01-02T03:17:07.000Z,103001007F107100,1050010013BECF00,WORLDVIEW02,GEOEYE01,2.190356,1.7746705,24.065125,16.378376,"POLYGON ((600.2216201756659 793.3765460641185, 625.1758397342251 804.6640618463956, 650.0613197262004 748.6717318644512, 653.1720047251973 739.8581243672933, 629.3234197328876 728.4522793709713, 619.512092119397 748.6716428294399, 614.4598256579437 758.4699777849859, 606.95 755.21, 591.4949781058828 788.0180816353043, 600.2216201756659 793.3765460641185))",Polygon,False,2310.8628089547537,591.4949781058828,728.4522793709713,653.1720047251973,804.6640618463956,61.677026619314574,76.21178247542434,623.2989940931453,767.7624869482528,0.9999999999999998,False,"POLYGON ((600.2216201493338 793.3765460635453, 591.4949780798717 788.0180816358079, 606.9499999706536 755.2099999997181, 614.4598256310014 758.4699777857439, 619.5120920888861 748.6716428290571, 629.323419704675 728.4522793702474, 653.1720046983263 739.858124367675, 650.0613196985119 748.6717318643224, 625.1758397063298 804.6640618458938, 600.2216201493338 793.3765460635453))",Polygon,False,2310.8628089657104,591.4949780798717,728.4522793702474,653.1720046983263,804.6640618458938,61.67702661845465,76.21178247564637,623.2989940657754,767.7624869470126,1.0,False,tier3
sunda-tsunami_00000107__706d6d1d-bda3-42bb-9c64-b7d12cf53a64,sunda-tsunami_00000107,706d6d1d-bda3-42bb-9c64-b7d12cf53a64,challenge_train,no-damage,0,images/sunda-tsunami_00000107_pre_disaster.png,images/sunda-tsunami_00000107_post_disaster.png,labels/sunda-tsunami_00000107_pre_disaster.json,labels/sunda-tsunami_00000107_post_disaster.json,1024,1024,1024,1024,True,3.0623596118590086e-08,0.9999999999660232,sunda-tsunami,tsunami,2018-06-18T03:29:40.000Z,2019-01-02T03:17:07.000Z,103001007F107100,1050010013BECF00,WORLDVIEW02,GEOEYE01,2.190356,1.7746705,24.065125,16.378376,"POLYGON ((810.9343917714491 257.3158216349726, 814.2067922744606 237.4160888463894, 897.7183179226047 251.0154542035957, 894.4448414797353 270.9949483549021, 863.1774975254309 265.9154159435531, 862.838862031341 269.8661633746024, 851.663890726373 268.5116213982426, 852.2282832165229 264.6737524652233, 810.9343917714491 257.3158216349726))",Polygon,False,1769.8857223775751,810.9343917714491,237.4160888463894,897.7183179226047,270.9949483549021,86.78392615115558,33.578859508512664,854.3313069138529,254.59283262221825,0.9999999999999998,False,"POLYGON ((810.9343917399594 257.3158216340129, 814.206792241105 237.4160888476358, 897.7183178921035 251.0154542038057, 894.44484144855 270.9949483555068, 863.1774974938107 265.9154159431032, 862.8388620008229 269.8661633749727, 851.6638906953964 268.5116213983317, 852.2282831842567 264.6737524645156, 810.9343917399594 257.3158216340129))",Polygon,False,1769.88572231744,810.9343917399594,237.4160888476358,897.7183178921035,270.9949483555068,86.78392615214409,33.57885950787099,854.3313068832314,254.59283262257225,1.0,False,tier3
sunda-tsunami_00000140__526ff4cd-2790-43ab-b1ff-e96293d9eab2,sunda-tsunami_00000140,526ff4cd-2790-43ab-b1ff-e96293d9eab2,challenge_train,no-damage,0,images/sunda-tsunami_00000140_pre_disaster.png,images/sunda-tsunami_00000140_post_disaster.png,labels/sunda-tsunami_00000140_pre_disaster.json,labels/sunda-tsunami_00000140_post_disaster.json,1024,1024,1024,1024,True,2.835785518509301e-08,1.0000000000036895,sunda-tsunami,tsunami,2018-06-18T03:29:40.000Z,2019-01-02T03:17:07.000Z,103001007F107100,1050010013BECF00,WORLDVIEW02,GEOEYE01,2.190356,1.7746705,24.065125,16.378376,"POLYGON ((912.6228881044897 954.793561965223, 918.8287855447851 979.6375172673203, 911.8480273501239 980.7480924346528, 915.4970600427877 990.9019225359782, 901.6941972487984 993.9163408473092, 898.9970861281339 982.4932819833181, 886.4634520968103 984.5557787226498, 880.1173082834819 966.4692688546638, 907.0884194901275 962.7145803415533, 905.184576346129 956.4740923486717, 912.6228881044897 954.793561965223))",Polygon,False,826.504087950948,880.1173082834819,954.793561965223,918.8287855447852,993.9163408473092,38.71147726130323,39.12277888208621,901.7709551294222,974.716384423502,1.0,False,"POLYGON ((912.6228880777248 954.7935619627544, 918.8287855147898 979.6375172647836, 911.8480273245389 980.7480924348299, 915.4970600144975 990.9019225341603, 901.6941972209709 993.9163408464237, 898.9970861014185 982.4932819818622, 886.4634520693719 984.555778723017, 880.117308254466 966.4692688531898, 907.0884194640631 962.7145803412619, 905.1845763173865 956.474092349044, 912.6228880777248 954.7935619627544))",Polygon,False,826.5040879539974,880.117308254466,954.7935619627544,918.8287855147898,993.9163408464236,38.71147726032382,39.1227788836693,901.770955101088,974.7163844223404,1.0,False,tier3
tuscaloosa-tornado_00000000__15f4db15-8a23-4147-8e2a-4ad95baaf693,tuscaloosa-tornado_00000000,15f4db15-8a23-4147-8e2a-4ad95baaf693,challenge_train,no-damage,0,images/tuscaloosa-tornado_00000000_pre_disaster.png,images/tuscaloosa-tornado_00000000_post_disaster.png,labels/tuscaloosa-tornado_00000000_pre_disaster.json,labels/tuscaloosa-tornado_00000000_post_disaster.json,1024,1024,1024,1024,True,2.552193186772864e-09,1.000000000259016,tuscaloosa-tornado,wind,2006-06-21T16:55:29.679Z,2011-05-19T16:48:01.085Z,10100100050A4C00,10504100008F4F00,QUICKBIRD02,GEOEYE01,2.45692420005798,1.85690224170685,4.71592974662781,20.6498527526856,"POLYGON ((352.4642990078638 1002.691672751845, 345.7737407234894 1000.360757475629, 360.0390118763557 967.0175272394421, 366.3726618366052 970.2231307707985, 352.4642990078638 1002.691672751845))",Polygon,False,253.28252018045788,345.7737407234894,967.017527239442,366.3726618366052,1002.691672751845,20.59892111311575,35.6741455124029,356.1507823916104,985.0609353212416,1.0,False,"POLYGON ((352.4642990086252 1002.691672753188, 345.7737407208364 1000.360757478657, 360.0390118760025 967.0175272399828, 366.372661836445 970.2231307727917, 352.4642990086252 1002.691672753188))",Polygon,False,253.2825202460621,345.7737407208364,967.0175272399828,366.372661836445,1002.691672753188,20.59892111560862,35.67414551320519,356.15078239065696,985.060935323609,1.0,False,tier3
tuscaloosa-tornado_00000001__0740d58d-99b6-4ce6-a9d0-e1ba25393012,tuscaloosa-tornado_00000001,0740d58d-99b6-4ce6-a9d0-e1ba25393012,challenge_train,major-damage,2,images/tuscaloosa-tornado_00000001_pre_disaster.png,images/tuscaloosa-tornado_00000001_post_disaster.png,labels/tuscaloosa-tornado_00000001_pre_disaster.json,labels/tuscaloosa-tornado_00000001_post_disaster.json,1024,1024,1024,1024,True,4.669204852599604e-10,1.0000000000068938,tuscaloosa-tornado,wind,2006-06-21T16:55:29.679Z,2011-05-19T16:48:01.085Z,10100100050A4C00,10504100008F4F00,QUICKBIRD02,GEOEYE01,2.45692420005798,1.85690224170685,4.71592974662781,20.6498527526856,"POLYGON ((106.3099238772736 65.77788717849496, 114.4860952191149 65.61757009336083, 115.1273635596515 44.13508068538568, 129.8765353919926 44.13508068538568, 129.5559012217244 52.31125202722696, 134.0447796054803 51.99061785695868, 134.0447796054803 58.40330126232439, 138.3733409041022 58.40330126232439, 137.8923896486998 77.1604002230191, 127.3114620298463 77.32071730815325, 126.6701936893098 87.2603765864701, 114.4860952191149 86.1381569905311, 115.1273635596515 77.32071730815325, 107.2718263880785 78.12230273382396, 106.3099238772736 65.77788717849496))",Polygon,False,891.6002372770419,106.3099238772736,44.13508068538568,138.3733409041022,87.2603765864701,32.0634170268286,43.12529590108442,123.21651557362024,65.74719907645454,0.9999999999999998,False,"POLYGON ((106.3099238787477 65.77788717800577, 114.4860952193719 65.61757009298731, 115.1273635591921 44.13508068531321, 129.8765353902567 44.13508068531321, 129.5559012221201 52.31125202733487, 134.0447796060548 51.99061785729796, 134.0447796041547 58.40330126715689, 138.3733409043379 58.40330126208979, 137.8923896491561 77.16040022343677, 127.3114620300893 77.32071730845522, 126.6701936886224 87.26037658567986, 114.4860952192452 86.13815699156412, 115.1273635589387 77.32071730946863, 107.2718263867045 78.1223027345609, 106.3099238787477 65.77788717800577))",Polygon,False,891.6002372831884,106.3099238787477,44.13508068531321,138.3733409043379,87.26037658567986,32.06341702559021,43.12529590036665,123.21651557334596,65.7471990768324,1.0,False,tier3
tuscaloosa-tornado_00000001__463ef7bf-f54c-4cbf-8770-8d96e89ef6fb,tuscaloosa-tornado_00000001,463ef7bf-f54c-4cbf-8770-8d96e89ef6fb,challenge_train,minor-damage,1,images/tuscaloosa-tornado_00000001_pre_disaster.png,images/tuscaloosa-tornado_00000001_post_disaster.png,labels/tuscaloosa-tornado_00000001_pre_disaster.json,labels/tuscaloosa-tornado_00000001_post_disaster.json,1024,1024,1024,1024,True,1.493462954189035e-09,0.9999999999799124,tuscaloosa-tornado,wind,2006-06-21T16:55:29.679Z,2011-05-19T16:48:01.085Z,10100100050A4C00,10504100008F4F00,QUICKBIRD02,GEOEYE01,2.45692420005798,1.85690224170685,4.71592974662781,20.6498527526856,"POLYGON ((956.9616280141626 97.16581875278983, 981.2916305467942 83.16773510387847, 1001.622180608308 113.1636286372599, 995.2897141957055 116.4965056965246, 1001.288892902382 125.495273756539, 981.6249182527206 134.160754110627, 956.9616280141626 97.16581875278983))",Polygon,False,1217.3333356471603,956.9616280141626,83.16773510387847,1001.622180608308,134.160754110627,44.66055259414543,50.99301900674854,980.8662089686984,108.5650094777302,1.0,False,"POLYGON ((956.9616280139984 97.16581875368513, 981.2916305471599 83.16773510649236, 1001.622180608756 113.1636286379285, 995.2897141963725 116.4965056996794, 1001.288892900427 125.4952737582994, 981.6249182543482 134.1607541127713, 956.9616280139984 97.16581875368513))",Polygon,False,1217.3333356227072,956.9616280139984,83.16773510649236,1001.622180608756,134.1607541127713,44.66055259475763,50.99301900627893,980.866208968921,108.56500947920698,1.0,False,tier3
tuscaloosa-tornado_00000001__69aeff66-d125-4c6d-a77f-b0850ac8565b,tuscaloosa-tornado_00000001,69aeff66-d125-4c6d-a77f-b0850ac8565b,challenge_train,destroyed,3,images/tuscaloosa-tornado_00000001_pre_disaster.png,images/tuscaloosa-tornado_00000001_post_disaster.png,labels/tuscaloosa-tornado_00000001_pre_disaster.json,labels/tuscaloosa-tornado_00000001_post_disaster.json,1024,1024,1024,1024,True,0.0016063724208312,0.9998496191242584,tuscaloosa-tornado,wind,2006-06-21T16:55:29.679Z,2011-05-19T16:48:01.085Z,10100100050A4C00,10504100008F4F00,QUICKBIRD02,GEOEYE01,2.45692420005798,1.85690224170685,4.71592974662781,20.6498527526856,"POLYGON ((296.4166992925008 0, 286.477040014184 6.001105800388346, 298.821455569513 25.88042435702205, 321.1055304031588 12.25347212061991, 312.1277736356468 0, 296.4166992925008 0))",Polygon,False,536.8399102018486,286.477040014184,0.0,321.1055304031588,25.88042435702205,34.6284903889748,25.88042435702205,303.322498950825,10.637130053364409,0.9999999999999998,False,"POLYGON ((312.1315943516971 0.0052147907368749, 321.1055304057335 12.25347212137242, 298.8214555679111 25.88042435908861, 286.4770400157957 6.001105801599045, 296.4083215721296 0.0050580835457872, 312.1315943516971 0.0052147907368749))",Polygon,False,536.7591797460194,286.4770400157957,0.0050580835457871,321.1055304057335,25.88042435908861,34.62849038993778,25.875366275542824,303.3223502710309,10.63872953036432,1.0,False,tier3
tuscaloosa-tornado_00000024__ca840104-2f75-44b2-af6f-a107c7823f62,tuscaloosa-tornado_00000024,ca840104-2f75-44b2-af6f-a107c7823f62,challenge_train,destroyed,3,images/tuscaloosa-tornado_00000024_pre_disaster.png,images/tuscaloosa-tornado_00000024_post_disaster.png,labels/tuscaloosa-tornado_00000024_pre_disaster.json,labels/tuscaloosa-tornado_00000024_post_disaster.json,1024,1024,1024,1024,True,1.174218706736699e-09,0.9999999999641098,tuscaloosa-tornado,wind,2006-06-21T16:55:29.679Z,2011-05-19T16:48:01.085Z,10100100050A4C00,10504100008F4F00,QUICKBIRD02,GEOEYE01,2.45692420005798,1.85690224170685,4.71592974662781,20.6498527526856,"POLYGON ((792.624481535742 857.9886277508241, 815.0951836982529 858.5748199811504, 812.9458121870562 950.9977949626084, 793.4060711761772 950.411602732282, 792.624481535742 857.9886277508241))",Polygon,False,1941.7659607397948,792.624481535742,857.9886277508241,815.0951836982529,950.9977949626084,22.47070216251086,93.0091672117843,803.5273865416641,903.4187907004394,1.0,False,"POLYGON ((792.624481537925 857.9886277512624, 815.0951836980431 858.5748199796609, 812.9458121866547 950.9977949627469, 793.4060711756212 950.4116027343483, 792.624481537925 857.9886277512624))",Polygon,False,1941.7659606701045,792.624481537925,857.9886277512624,815.0951836980431,950.9977949627468,22.47070216011809,93.00916721148452,803.5273865419222,903.418790701585,1.0,False,tier3
tuscaloosa-tornado_00000057__77fe692e-6839-409b-91ac-44bef850495f,tuscaloosa-tornado_00000057,77fe692e-6839-409b-91ac-44bef850495f,challenge_train,minor-damage,1,images/tuscaloosa-tornado_00000057_pre_disaster.png,images/tuscaloosa-tornado_00000057_post_disaster.png,labels/tuscaloosa-tornado_00000057_pre_disaster.json,labels/tuscaloosa-tornado_00000057_post_disaster.json,1024,1024,1024,1024,True,7.264579176079041e-10,0.9999999999659432,tuscaloosa-tornado,wind,2006-06-21T16:55:29.679Z,2011-05-19T16:48:01.085Z,10100100050A4C00,10504100008F4F00,QUICKBIRD02,GEOEYE01,2.45692420005798,1.85690224170685,4.71592974662781,20.6498527526856,"POLYGON ((15.51662119729496 396.7613799386854, 15.73527566601371 411.8485382802795, 32.79032422607653 412.5045016864357, 32.79032422607653 426.7170421531548, 65.15118559645214 427.5916600280298, 65.15118559645214 397.6359978135604, 15.51662119729496 396.7613799386854))",Polygon,False,1226.3924867809978,15.51662119729496,396.7613799386854,65.15118559645214,427.5916600280298,49.63456439915718,30.8302800893444,43.7108795917612,410.6036559012864,1.0,False,"POLYGON ((15.51662119811721 396.7613799381733, 65.15118559572122 397.6359978149039, 65.1511855955946 427.5916600268266, 32.79032422379119 426.7170421551611, 32.79032422683016 412.5045016858941, 15.73527566729991 411.8485382801189, 15.51662119811721 396.7613799381733))",Polygon,False,1226.392486739231,15.51662119811721,396.7613799381733,65.15118559572122,427.5916600268266,49.63456439760401,30.830280088653296,43.71087959128459,410.60365590183466,0.9999999999999998,False,tier3
tuscaloosa-tornado_00000077__4b87e8de-8bbc-42c7-9e7c-0c46f17b18a4,tuscaloosa-tornado_00000077,4b87e8de-8bbc-42c7-9e7c-0c46f17b18a4,challenge_train,no-damage,0,images/tuscaloosa-tornado_00000077_pre_disaster.png,images/tuscaloosa-tornado_00000077_post_disaster.png,labels/tuscaloosa-tornado_00000077_pre_disaster.json,labels/tuscaloosa-tornado_00000077_post_disaster.json,1024,1024,1024,1024,True,1.477293244264834e-09,0.9999999999409293,tuscaloosa-tornado,wind,2006-06-21T16:55:29.679Z,2011-05-19T16:48:01.085Z,10100100050A4C00,10504100008F4F00,QUICKBIRD02,GEOEYE01,2.45692420005798,1.85690224170685,4.71592974662781,20.6498527526856,"POLYGON ((644.4854499359438 338.7188750182731, 654.2019717775833 356.4725198647254, 590.3848159781738 386.9416130471502, 580.5483370767611 370.1476246788845, 644.4854499359438 338.7188750182731))",Polygon,False,1405.9740455837025,580.5483370767611,338.7188750182731,654.2019717775833,386.9416130471502,73.65363470082218,48.22273802887713,617.6165360840714,362.95279404191785,1.0,False,"POLYGON ((644.4854499351404 338.7188750206396, 654.20197177704 356.472519865335, 590.3848159775614 386.9416130475645, 580.548337076287 370.1476246798931, 644.4854499351404 338.7188750206396))",Polygon,False,1405.9740455006502,580.548337076287,338.7188750206396,654.20197177704,386.9416130475645,73.65363470075295,48.2227380269249,617.6165360832513,362.9527940431466,1.0,False,tier3
tuscaloosa-tornado_00000149__a68c306d-ca55-48e1-93bf-17d38c5b3d12,tuscaloosa-tornado_00000149,a68c306d-ca55-48e1-93bf-17d38c5b3d12,challenge_train,no-damage,0,images/tuscaloosa-tornado_00000149_pre_disaster.png,images/tuscaloosa-tornado_00000149_post_disaster.png,labels/tuscaloosa-tornado_00000149_pre_disaster.json,labels/tuscaloosa-tornado_00000149_post_disaster.json,1024,1024,1024,1024,True,0.5444605493644917,0.9586290676202196,tuscaloosa-tornado,wind,2006-06-21T16:55:29.679Z,2011-05-19T16:48:01.085Z,10100100050A4C00,10504100008F4F00,QUICKBIRD02,GEOEYE01,2.45692420005798,1.85690224170685,4.71592974662781,20.6498527526856,"POLYGON ((1024 588.5989620103583, 1007.536697205354 596.830167600782, 1003.498893456573 590.2929060236736, 992.889250776714 597.4800833229328, 998.0229488476135 608.4319725408516, 1001.445414228213 606.7207398505518, 1007.948098451352 622.46408060131, 1024 614.5405441949773, 1024 588.5989620103583))",Polygon,False,643.7939879037352,992.889250776714,588.5989620103583,1024.0,622.46408060131,31.110749223286007,33.86511859095174,1011.158625585424,604.5051730198936,0.9999999999999998,False,"POLYGON ((1022.973166780679 615.0474099452432, 1007.948098450215 622.4640806024429, 1001.445414230074 606.7207398494147, 998.0229488500935 608.43197254485, 992.8892507761966 597.4800833242512, 1003.498893455075 590.2929060230748, 1007.536697207552 596.8301676021068, 1022.973164601968 589.1123524663263, 1022.973166780679 615.0474099452432))",Polygon,False,617.1596303636607,992.8892507761966,589.1123524663263,1022.973166780679,622.4640806024429,30.083916004482376,33.35172813611655,1010.6265950109826,604.6208482448718,1.0,False,tier3
tuscaloosa-tornado_00000151__2ec1968d-b1ca-499c-baba-f7270da3a92f,tuscaloosa-tornado_00000151,2ec1968d-b1ca-499c-baba-f7270da3a92f,challenge_train,no-damage,0,images/tuscaloosa-tornado_00000151_pre_disaster.png,images/tuscaloosa-tornado_00000151_post_disaster.png,labels/tuscaloosa-tornado_00000151_pre_disaster.json,labels/tuscaloosa-tornado_00000151_post_disaster.json,1024,1024,1024,1024,True,1.3147917188333804e-09,1.0000000000209843,tuscaloosa-tornado,wind,2006-06-21T16:55:29.679Z,2011-05-19T16:48:01.085Z,10100100050A4C00,10504100008F4F00,QUICKBIRD02,GEOEYE01,2.45692420005798,1.85690224170685,4.71592974662781,20.6498527526856,"POLYGON ((304.409693255043 910.5274516941481, 339.7153164438378 909.6767137859844, 340.9914233060833 936.9003268472237, 305.6858001172886 935.6242199849781, 304.409693255043 910.5274516941481))",Polygon,False,923.3304264344576,304.409693255043,909.6767137859844,340.9914233060833,936.9003268472236,36.58173005104027,27.223613061239348,322.9395139932226,923.1772114113812,1.0,False,"POLYGON ((304.409693253193 910.5274516951471, 339.7153164425855 909.6767137871948, 340.9914233071731 936.900326848761, 305.6858001190469 935.6242199868324, 304.409693253193 910.5274516951471))",Polygon,False,923.3304264538332,304.409693253193,909.6767137871948,340.9914233071731,936.900326848761,36.581730053980095,27.2236130615662,322.9395139930899,923.1772114126894,1.0,False,tier3
tuscaloosa-tornado_00000179__1586b8ef-b065-4358-a1f9-48ba58cf6072,tuscaloosa-tornado_00000179,1586b8ef-b065-4358-a1f9-48ba58cf6072,challenge_train,no-damage,0,images/tuscaloosa-tornado_00000179_pre_disaster.png,images/tuscaloosa-tornado_00000179_post_disaster.png,labels/tuscaloosa-tornado_00000179_pre_disaster.json,labels/tuscaloosa-tornado_00000179_post_disaster.json,1024,1024,1024,1024,True,2.0388064249973034e-09,0.9999999999542676,tuscaloosa-tornado,wind,2006-06-21T16:55:29.679Z,2011-05-19T16:48:01.085Z,10100100050A4C00,10504100008F4F00,QUICKBIRD02,GEOEYE01,2.45692420005798,1.85690224170685,4.71592974662781,20.6498527526856,"POLYGON ((802.7648728382429 940.2626346437011, 837.3011866546194 939.9374780733764, 836.6023542749149 907.0976893056225, 797.2647891268138 907.170512258911, 797.3671998334205 922.458334303761, 803.2459986462522 922.6810033480754, 802.7648728382429 940.2626346437011))",Polygon,False,1206.8929206948137,797.2647891268138,907.0976893056225,837.3011866546194,940.2626346437012,40.03639752780566,33.16494533807861,818.5204762704059,923.0401245029874,1.0,False,"POLYGON ((802.7648728376219 940.2626346451719, 803.2459986459298 922.6810033497699, 797.3671998334532 922.4583343046719, 797.2647891269264 907.1705122615095, 836.6023542730945 907.097689308066, 837.3011866566966 939.9374780734133, 802.7648728376219 940.2626346451719))",Polygon,False,1206.8929206396192,797.2647891269264,907.097689308066,837.3011866566966,940.262634645172,40.03639752977017,33.164945337105905,818.5204762703328,923.0401245050248,1.0,False,tier3
tuscaloosa-tornado_00000179__356fbeef-2cf2-48db-a09c-22e421e1727f,tuscaloosa-tornado_00000179,356fbeef-2cf2-48db-a09c-22e421e1727f,challenge_train,no-damage,0,images/tuscaloosa-tornado_00000179_pre_disaster.png,images/tuscaloosa-tornado_00000179_post_disaster.png,labels/tuscaloosa-tornado_00000179_pre_disaster.json,labels/tuscaloosa-tornado_00000179_post_disaster.json,1024,1024,1024,1024,True,1.3258541783852063e-09,0.9999999998337356,tuscaloosa-tornado,wind,2006-06-21T16:55:29.679Z,2011-05-19T16:48:01.085Z,10100100050A4C00,10504100008F4F00,QUICKBIRD02,GEOEYE01,2.45692420005798,1.85690224170685,4.71592974662781,20.6498527526856,"POLYGON ((984.3549248648268 696.6799070961114, 991.2697906058175 696.8876592961038, 991.0215472665199 708.1869379350754, 984.0991586590804 708.1328567740798, 984.3549248648268 696.6799070961114))",Polygon,False,78.74008418205072,984.0991586590804,696.6799070961114,991.2697906058175,708.1869379350754,7.170631946737103,11.507030838964056,987.6785507101936,702.4722569531804,1.0,False,"POLYGON ((984.3549248649173 696.6799070971081, 991.2697906084577 696.8876592974058, 991.0215472665072 708.1869379336505, 984.0991586610717 708.1328567731127, 984.3549248649173 696.6799070971081))",Polygon,False,78.74008416895904,984.0991586610716,696.6799070971081,991.2697906084576,708.1869379336505,7.170631947386028,11.507030836542413,987.6785507113487,702.4722569525296,1.0,False,tier3
tuscaloosa-tornado_00000179__41be5076-27d0-44cd-a4e6-c44e65b1efb9,tuscaloosa-tornado_00000179,41be5076-27d0-44cd-a4e6-c44e65b1efb9,challenge_train,no-damage,0,images/tuscaloosa-tornado_00000179_pre_disaster.png,images/tuscaloosa-tornado_00000179_post_disaster.png,labels/tuscaloosa-tornado_00000179_pre_disaster.json,labels/tuscaloosa-tornado_00000179_post_disaster.json,1024,1024,1024,1024,True,2.2427558636634803e-09,1.0000000001808127,tuscaloosa-tornado,wind,2006-06-21T16:55:29.679Z,2011-05-19T16:48:01.085Z,10100100050A4C00,10504100008F4F00,QUICKBIRD02,GEOEYE01,2.45692420005798,1.85690224170685,4.71592974662781,20.6498527526856,"POLYGON ((727.0325455010005 317.6181520332385, 736.6079559969879 317.5064858552208, 736.7713986517405 311.3865009158685, 741.7748553647702 311.108531098478, 741.5607184532882 297.1374244436349, 735.1035797473974 297.4880100463417, 735.1035797473974 301.9355271245903, 727.4430394176352 301.9884263641277, 727.0325455010005 317.6181520332385))",Polygon,False,224.2193290640231,727.0325455010005,297.1374244436349,741.7748553647702,317.6181520332385,14.74230986376972,20.48072758960359,734.3270712040711,307.78235584396674,1.0,False,"POLYGON ((727.0325454988881 317.6181520356698, 727.4430394161146 301.9884263656411, 735.1035797459293 301.9355271254743, 735.1035797475754 297.4880100438266, 741.560718452801 297.1374244464529, 741.7748553639689 311.1085310983952, 736.7713986506608 311.3865009181508, 736.6079559972778 317.5064858582733, 727.0325454988881 317.6181520356698))",Polygon,False,224.2193291045648,727.0325454988881,297.1374244464529,741.7748553639689,317.6181520356698,14.742309865080756,20.48072758921694,734.3270712027444,307.782355845775,1.0,False,tier3
tuscaloosa-tornado_00000243__740bf921-a35c-41d8-a856-c0f23f8af064,tuscaloosa-tornado_00000243,740bf921-a35c-41d8-a856-c0f23f8af064,challenge_train,destroyed,3,images/tuscaloosa-tornado_00000243_pre_disaster.png,images/tuscaloosa-tornado_00000243_post_disaster.png,labels/tuscaloosa-tornado_00000243_pre_disaster.json,labels/tuscaloosa-tornado_00000243_post_disaster.json,1024,1024,1024,1024,True,1.587696621790978e-09,1.00000000013101,tuscaloosa-tornado,wind,2006-06-21T16:55:29.679Z,2011-05-19T16:48:01.085Z,10100100050A4C00,10504100008F4F00,QUICKBIRD02,GEOEYE01,2.45692420005798,1.85690224170685,4.71592974662781,20.6498527526856,"POLYGON ((168.2910425564467 145.0033742769278, 177.2766543639398 151.6191543989281, 183.1462387989205 143.8509600717192, 174.1931286289652 137.3739222878899, 168.2910425564467 145.0033742769278))",Polygon,False,107.5846086940862,168.2910425564467,137.3739222878899,183.1462387989205,151.6191543989281,14.855196242473797,14.245232111038176,175.72906977999685,144.47344602155505,1.0,False,"POLYGON ((168.2910425554077 145.003374278276, 174.1931286276067 137.3739222886696, 183.1462387976284 143.8509600723504, 177.2766543658794 151.6191544014434, 168.2910425554077 145.003374278276))",Polygon,False,107.58460870818088,168.2910425554077,137.3739222886696,183.1462387976284,151.6191544014434,14.8551962422207,14.245232112773806,175.72906977937606,144.47344602301635,1.0,False,tier3
tuscaloosa-tornado_00000318__3ff8c0b3-1e20-481e-b709-8fbff9709187,tuscaloosa-tornado_00000318,3ff8c0b3-1e20-481e-b709-8fbff9709187,challenge_train,minor-damage,1,images/tuscaloosa-tornado_00000318_pre_disaster.png,images/tuscaloosa-tornado_00000318_post_disaster.png,labels/tuscaloosa-tornado_00000318_pre_disaster.json,labels/tuscaloosa-tornado_00000318_post_disaster.json,1024,1024,1024,1024,True,1.6232501994400535e-09,1.0000000000008724,tuscaloosa-tornado,wind,2006-06-21T16:55:29.679Z,2011-05-19T16:48:01.085Z,10100100050A4C00,10504100008F4F00,QUICKBIRD02,GEOEYE01,2.45692420005798,1.85690224170685,4.71592974662781,20.6498527526856,"POLYGON ((960.9461410341513 115.1425554005822, 995.2437837997907 116.0081110539737, 999.3551731534004 120.1195004075835, 999.3551731534004 132.2372795550649, 997.0830895632477 135.2667243419353, 964.5165581043914 134.5093631452177, 959.864196467412 130.289779334934, 959.9723909240859 116.0081110539737, 960.9461410341513 115.1425554005822))",Polygon,False,737.4688426226137,959.864196467412,115.1425554005822,999.3551731534004,135.2667243419353,39.49097668598847,20.12416894135309,979.570999525976,125.19129224165717,1.0,False,"POLYGON ((960.9461410347279 115.1425554017397, 995.2437837987578 116.0081110546784, 999.3551731518627 120.1195004074034, 999.3551731559147 132.237279555636, 997.0830895659377 135.2667243444669, 964.5165581049994 134.5093631449799, 959.8641964691877 130.2897793357642, 959.9723909236525 116.0081110546784, 960.9461410347279 115.1425554017397))",Polygon,False,737.468842623257,959.8641964691876,115.1425554017397,999.3551731559148,135.2667243444669,39.49097668672698,20.124168942727195,979.5709995271442,125.19129224278416,1.0,False,tier3
tuscaloosa-tornado_00000342__a0d7e6ea-e048-4b4b-9186-fa85a384907b,tuscaloosa-tornado_00000342,a0d7e6ea-e048-4b4b-9186-fa85a384907b,challenge_train,no-damage,0,images/tuscaloosa-tornado_00000342_pre_disaster.png,images/tuscaloosa-tornado_00000342_post_disaster.png,labels/tuscaloosa-tornado_00000342_pre_disaster.json,labels/tuscaloosa-tornado_00000342_post_disaster.json,1024,1024,1024,1024,True,1.1840253828967544e-09,1.0000000000484526,tuscaloosa-tornado,wind,2006-06-21T16:55:29.679Z,2011-05-19T16:48:01.085Z,10100100050A4C00,10504100008F4F00,QUICKBIRD02,GEOEYE01,2.45692420005798,1.85690224170685,4.71592974662781,20.6498527526856,"POLYGON ((633.1773474662473 151.0766643365143, 648.9689648557894 143.0755781924796, 649.1795197543166 137.0747635844535, 665.9186341872314 130.5475617301094, 676.8674889106474 152.8663809739957, 645.9159188271447 171.6057669429191, 633.1773474662473 151.0766643365143))",Polygon,False,933.2450477880471,633.1773474662473,130.5475617301094,676.8674889106474,171.6057669429191,43.69014144440007,41.058205212809696,655.6314340051919,150.92752946236388,1.0,False,"POLYGON ((633.1773474645738 151.0766643409243, 648.9689648540678 143.0755781926526, 649.1795197545326 137.074763584741, 665.918634186748 130.5475617298462, 676.8674889101238 152.8663809749949, 645.9159188263255 171.6057669438984, 633.1773474645738 151.0766643409243))",Polygon,False,933.2450478332652,633.1773474645738,130.5475617298462,676.8674889101238,171.6057669438984,43.69014144555001,41.05820521405221,655.6314340043836,150.92752946322906,1.0,False,tier3
